SSDT @ 0x0000000000000000
    0000: 53 53 44 54 02 01 00 00 01 21 49 4E 54 45 4C 20  SSDT.....!INTEL 
    0010: 53 31 32 30 30 4B 50 52 23 00 00 00 4D 53 46 54  S1200KPR#...MSFT
    0020: 01 00 00 03 10 CD 0D 00 00 5C 5F 53 42 5F 5B 83  .........\_SB_[.
    0030: 33 50 30 30 30 00 10 04 00 00 06 14 11 5F 50 44  3P000........_PD
    0040: 43 01 5C 2E 5F 53 42 5F 50 44 43 5F 68 14 15 5F  C.\._SB_PDC_h.._
    0050: 4F 53 43 04 A4 5C 2E 5F 53 42 5F 4F 53 43 5F 68  OSC..\._SB_OSC_h
    0060: 69 6A 6B 5B 83 33 50 30 30 31 01 10 04 00 00 06  ijk[.3P001......
    0070: 14 11 5F 50 44 43 01 5C 2E 5F 53 42 5F 50 44 43  .._PDC.\._SB_PDC
    0080: 5F 68 14 15 5F 4F 53 43 04 A4 5C 2E 5F 53 42 5F  _h.._OSC..\._SB_
    0090: 4F 53 43 5F 68 69 6A 6B 5B 83 33 50 30 30 32 02  OSC_hijk[.3P002.
    00A0: 10 04 00 00 06 14 11 5F 50 44 43 01 5C 2E 5F 53  ......._PDC.\._S
    00B0: 42 5F 50 44 43 5F 68 14 15 5F 4F 53 43 04 A4 5C  B_PDC_h.._OSC..\
    00C0: 2E 5F 53 42 5F 4F 53 43 5F 68 69 6A 6B 5B 83 33  ._SB_OSC_hijk[.3
    00D0: 50 30 30 33 03 10 04 00 00 06 14 11 5F 50 44 43  P003........_PDC
    00E0: 01 5C 2E 5F 53 42 5F 50 44 43 5F 68 14 15 5F 4F  .\._SB_PDC_h.._O
    00F0: 53 43 04 A4 5C 2E 5F 53 42 5F 4F 53 43 5F 68 69  SC..\._SB_OSC_hi
    0100: 6A 6B                                            jk

MCFG @ 0x0000000000000000
    0000: 4D 43 46 47 3C 00 00 00 01 DC 49 4E 54 45 4C 20  MCFG<.....INTEL 
    0010: 53 31 32 30 30 4B 50 52 23 00 00 00 4D 53 46 54  S1200KPR#...MSFT
    0020: 97 00 00 00 00 00 00 00 00 00 00 00 00 00 00 F8  ................
    0030: 00 00 00 00 00 00 00 3F 00 00 00 00              .......?....

EINJ @ 0x0000000000000000
    0000: 45 49 4E 4A 30 01 00 00 01 BF 49 4E 54 45 4C 20  EINJ0.....INTEL 
    0010: 53 31 32 30 30 4B 50 52 23 00 00 00 00 00 00 00  S1200KPR#.......
    0020: 00 00 00 00 0C 00 00 00 00 00 00 00 08 00 00 00  ................
    0030: 00 03 00 00 00 08 00 01 98 5D 3F E7 00 00 00 00  .........]?.....
    0040: 00 00 00 00 00 00 00 00 FF 00 00 00 00 00 00 00  ................
    0050: 01 00 00 00 00 40 00 04 9A 5D 3F E7 00 00 00 00  .....@...]?.....
    0060: 00 00 00 00 00 00 00 00 FF FF FF FF FF FF FF FF  ................
    0070: 02 02 00 00 00 20 00 03 A2 5D 3F E7 00 00 00 00  ..... ...]?.....
    0080: 00 00 00 00 00 00 00 00 FF FF FF FF 00 00 00 00  ................
    0090: 03 00 00 00 00 20 00 03 AA 5D 3F E7 00 00 00 00  ..... ...]?.....
    00A0: 00 00 00 00 00 00 00 00 FF FF FF FF 00 00 00 00  ................
    00B0: 04 03 00 00 00 10 00 02 AE 5D 3F E7 00 00 00 00  .........]?.....
    00C0: 00 00 00 00 00 00 00 00 FF FF 00 00 00 00 00 00  ................
    00D0: 05 03 00 00 01 08 00 01 B2 00 00 00 00 00 00 00  ................
    00E0: 75 00 00 00 00 00 00 00 FF 00 00 00 00 00 00 00  u...............
    00F0: 06 01 00 00 00 08 00 01 A6 5D 3F E7 00 00 00 00  .........]?.....
    0100: 01 00 00 00 00 00 00 00 01 00 00 00 00 00 00 00  ................
    0110: 07 00 00 00 00 10 00 02 A8 5D 3F E7 00 00 00 00  .........]?.....
    0120: 00 00 00 00 00 00 00 00 FE FF 00 00 00 00 00 00  ................

APIC @ 0x0000000000000000
    0000: 41 50 49 43 72 00 00 00 03 79 49 4E 54 45 4C 20  APICr....yINTEL 
    0010: 53 31 32 30 30 4B 50 52 23 00 00 00 41 4D 49 20  S1200KPR#...AMI 
    0020: 13 00 01 00 00 00 E0 FE 01 00 00 00 00 08 00 00  ................
    0030: 01 00 00 00 00 08 01 02 01 00 00 00 00 08 02 04  ................
    0040: 01 00 00 00 00 08 03 06 01 00 00 00 01 0C 00 00  ................
    0050: 00 00 C0 FE 00 00 00 00 02 0A 00 00 02 00 00 00  ................
    0060: 00 00 02 0A 00 09 09 00 00 00 0D 00 04 06 FF 05  ................
    0070: 00 01                                            ..

ERST @ 0x0000000000000000
    0000: 45 52 53 54 10 02 00 00 01 C4 49 4E 54 45 4C 20  ERST......INTEL 
    0010: 53 31 32 30 30 4B 50 52 23 00 00 00 00 00 00 00  S1200KPR#.......
    0020: 00 00 00 00 0C 00 00 00 00 00 00 00 0F 00 00 00  ................
    0030: 00 03 00 00 00 08 00 01 18 40 3C E7 00 00 00 00  .........@<.....
    0040: 00 00 00 00 00 00 00 00 FF 00 00 00 00 00 00 00  ................
    0050: 01 03 00 00 00 08 00 01 18 40 3C E7 00 00 00 00  .........@<.....
    0060: 01 00 00 00 00 00 00 00 FF 00 00 00 00 00 00 00  ................
    0070: 02 03 00 00 00 08 00 01 18 40 3C E7 00 00 00 00  .........@<.....
    0080: 02 00 00 00 00 00 00 00 FF 00 00 00 00 00 00 00  ................
    0090: 03 03 00 00 00 08 00 01 19 40 3C E7 00 00 00 00  .........@<.....
    00A0: 03 00 00 00 00 00 00 00 FF 00 00 00 00 00 00 00  ................
    00B0: 04 02 00 00 00 20 00 03 1A 40 3C E7 00 00 00 00  ..... ...@<.....
    00C0: 00 00 00 00 00 00 00 00 FF FF FF FF 00 00 00 00  ................
    00D0: 05 03 00 00 01 08 00 01 B2 00 00 00 00 00 00 00  ................
    00E0: 70 00 00 00 00 00 00 00 FF 00 00 00 00 00 00 00  p...............
    00F0: 06 01 00 00 00 08 00 01 1E 40 3C E7 00 00 00 00  .........@<.....
    0100: 01 00 00 00 00 00 00 00 FF 00 00 00 00 00 00 00  ................
    0110: 07 00 00 00 00 08 00 01 1F 40 3C E7 00 00 00 00  .........@<.....
    0120: 00 00 00 00 00 00 00 00 FF 00 00 00 00 00 00 00  ................
    0130: 08 00 00 00 00 40 00 04 20 40 3C E7 00 00 00 00  .....@.. @<.....
    0140: 00 00 00 00 00 00 00 00 FF FF FF FF FF FF FF FF  ................
    0150: 09 02 00 00 00 40 00 04 28 40 3C E7 00 00 00 00  .....@..(@<.....
    0160: 00 00 00 00 00 00 00 00 FF FF FF FF FF FF FF FF  ................
    0170: 0A 00 00 00 00 10 00 02 30 40 3C E7 00 00 00 00  ........0@<.....
    0180: 00 00 00 00 00 00 00 00 FF FF 00 00 00 00 00 00  ................
    0190: 0B 03 00 00 00 08 00 01 18 40 3C E7 00 00 00 00  .........@<.....
    01A0: 0B 00 00 00 00 00 00 00 FF 00 00 00 00 00 00 00  ................
    01B0: 0D 00 00 00 00 08 00 04 32 40 3C E7 00 00 00 00  ........2@<.....
    01C0: 00 00 00 00 00 00 00 00 FF FF FF FF FF FF FF FF  ................
    01D0: 0E 00 00 00 00 08 00 03 3A 40 3C E7 00 00 00 00  ........:@<.....
    01E0: 00 00 00 00 00 00 00 00 FF FF FF FF 00 00 00 00  ................
    01F0: 0F 00 00 00 00 08 00 01 3E 40 3C E7 00 00 00 00  ........>@<.....
    0200: 00 00 00 00 00 00 00 00 FF 00 00 00 00 00 00 00  ................

DSDT @ 0x0000000000000000
    0000: 44 53 44 54 73 73 00 00 02 31 49 4E 54 45 4C 20  DSDTss...1INTEL 
    0010: 53 31 32 30 30 4B 50 52 23 00 00 00 49 4E 54 4C  S1200KPR#...INTL
    0020: 17 11 05 20 08 53 50 31 4F 0A 2E 08 49 4F 43 45  ... .SP1O...IOCE
    0030: 0A 87 08 49 4F 43 4C 0A AA 08 53 49 31 50 01 08  ...IOCL...SI1P..
    0040: 49 4F 48 42 0B 90 02 08 49 4F 48 4C 0A 10 08 54  IOHB....IOHL...T
    0050: 43 42 52 0C 00 80 D0 FE 08 54 43 4C 54 0B 00 10  CBR......TCLT...
    0060: 08 53 52 43 42 0C 00 C0 D1 FE 08 53 52 43 4C 0B  .SRCB......SRCL.
    0070: 00 40 08 53 55 53 57 0A FF 08 50 4D 42 53 0B 00  .@.SUSW...PMBS..
    0080: 04 08 50 4D 4C 4E 0A 80 08 53 4D 49 50 0A B2 08  ..PMLN...SMIP...
    0090: 41 50 43 42 0C 00 00 C0 FE 08 41 50 43 4C 0C 00  APCB......APCL..
    00A0: 00 10 00 08 50 4D 33 30 0B 30 04 08 53 4D 42 53  ....PM30.0..SMBS
    00B0: 0B 80 11 08 53 4D 42 4C 0A 20 08 48 50 54 42 0C  ....SMBL. .HPTB.
    00C0: 00 00 D0 FE 08 48 50 54 43 0C 04 F4 D1 FE 08 47  .....HPTC......G
    00D0: 50 42 53 0B 00 05 08 47 50 4C 4E 0A 80 08 50 45  PBS....GPLN...PE
    00E0: 42 53 0C 00 00 00 F8 08 50 45 4C 4E 0C 00 00 00  BS......PELN....
    00F0: 04 08 4C 41 50 42 0C 00 00 E0 FE 08 56 54 44 53  ..LAPB......VTDS
    0100: 0C 00 00 D9 FE 08 56 54 44 4C 0B 00 40 08 41 43  ......VTDL..@.AC
    0110: 50 48 0A DE 08 41 53 53 42 00 08 41 4F 54 42 00  PH...ASSB..AOTB.
    0120: 08 41 41 58 42 00 08 50 45 48 50 01 08 53 48 50  .AAXB..PEHP..SHP
    0130: 43 00 08 50 45 50 4D 01 08 50 45 45 52 01 08 50  C..PEPM..PEER..P
    0140: 45 43 53 01 08 4D 42 45 43 0B FF FF 08 44 53 53  ECS..MBEC....DSS
    0150: 50 00 08 46 48 50 50 00 08 54 4F 42 53 0B 60 04  P..FHPP..TOBS.`.
    0160: 08 53 55 43 43 01 08 4E 56 4C 44 0A 02 08 43 52  .SUCC..NVLD...CR
    0170: 49 54 0A 04 08 4E 43 52 54 0A 06 08 4C 44 53 54  IT...NCRT...LDST
    0180: 01 08 49 54 4B 4D 0B 30 04 08 49 54 4B 45 01 08  ..ITKM.0..ITKE..
    0190: 50 49 43 4D 00 14 1E 5F 50 49 43 01 A0 08 68 70  PICM..._PIC...hp
    01A0: 00 44 42 47 38 A1 08 70 0A AC 44 42 47 38 70 68  .DBG8..p..DBG8ph
    01B0: 50 49 43 4D 08 4F 53 56 52 FF 14 41 26 4F 53 46  PICM.OSVR..A&OSF
    01C0: 4C 00 A0 0D 92 93 4F 53 56 52 FF A4 4F 53 56 52  L.....OSVR..OSVR
    01D0: A0 0E 93 50 49 43 4D 00 70 0A AC 44 42 47 38 70  ...PICM.p..DBG8p
    01E0: 01 4F 53 56 52 A0 47 14 5B 12 5F 4F 53 49 60 A0  .OSVR.G.[._OSI`.
    01F0: 13 5F 4F 53 49 0D 4C 69 6E 75 78 00 70 0A 03 4F  ._OSI.Linux.p..O
    0200: 53 56 52 A0 1A 5F 4F 53 49 0D 57 69 6E 64 6F 77  SVR.._OSI.Window
    0210: 73 20 32 30 30 31 00 70 0A 04 4F 53 56 52 A0 1C  s 2001.p..OSVR..
    0220: 5F 4F 53 49 0D 57 69 6E 64 6F 77 73 20 32 30 30  _OSI.Windows 200
    0230: 31 2E 31 00 70 0A 05 4F 53 56 52 A0 15 5F 4F 53  1.1.p..OSVR.._OS
    0240: 49 0D 46 72 65 65 42 53 44 00 70 0A 06 4F 53 56  I.FreeBSD.p..OSV
    0250: 52 A0 13 5F 4F 53 49 0D 48 50 2D 55 58 00 70 0A  R.._OSI.HP-UX.p.
    0260: 07 4F 53 56 52 A0 15 5F 4F 53 49 0D 4F 70 65 6E  .OSVR.._OSI.Open
    0270: 56 4D 53 00 70 0A 08 4F 53 56 52 A0 1E 5F 4F 53  VMS.p..OSVR.._OS
    0280: 49 0D 57 69 6E 64 6F 77 73 20 32 30 30 31 20 53  I.Windows 2001 S
    0290: 50 31 00 70 0A 09 4F 53 56 52 A0 1E 5F 4F 53 49  P1.p..OSVR.._OSI
    02A0: 0D 57 69 6E 64 6F 77 73 20 32 30 30 31 20 53 50  .Windows 2001 SP
    02B0: 32 00 70 0A 0A 4F 53 56 52 A0 1E 5F 4F 53 49 0D  2.p..OSVR.._OSI.
    02C0: 57 69 6E 64 6F 77 73 20 32 30 30 31 20 53 50 33  Windows 2001 SP3
    02D0: 00 70 0A 0B 4F 53 56 52 A0 1A 5F 4F 53 49 0D 57  .p..OSVR.._OSI.W
    02E0: 69 6E 64 6F 77 73 20 32 30 30 36 00 70 0A 0C 4F  indows 2006.p..O
    02F0: 53 56 52 A0 1E 5F 4F 53 49 0D 57 69 6E 64 6F 77  SVR.._OSI.Window
    0300: 73 20 32 30 30 36 20 53 50 31 00 70 0A 0D 4F 53  s 2006 SP1.p..OS
    0310: 56 52 A0 1A 5F 4F 53 49 0D 57 69 6E 64 6F 77 73  VR.._OSI.Windows
    0320: 20 32 30 30 39 00 70 0A 0E 4F 53 56 52 A1 49 0E   2009.p..OSVR.I.
    0330: A0 25 4D 43 54 48 5F 4F 53 5F 0D 4D 69 63 72 6F  .%MCTH_OS_.Micro
    0340: 73 6F 66 74 20 57 69 6E 64 6F 77 73 20 4E 54 00  soft Windows NT.
    0350: 70 00 4F 53 56 52 A0 22 4D 43 54 48 5F 4F 53 5F  p.OSVR."MCTH_OS_
    0360: 0D 4D 69 63 72 6F 73 6F 66 74 20 57 69 6E 64 6F  .Microsoft Windo
    0370: 77 73 00 70 01 4F 53 56 52 A0 39 4D 43 54 48 5F  ws.p.OSVR.9MCTH_
    0380: 4F 53 5F 0D 4D 69 63 72 6F 73 6F 66 74 20 57 69  OS_.Microsoft Wi
    0390: 6E 64 6F 77 73 4D 45 3A 20 4D 69 6C 6C 65 6E 6E  ndowsME: Millenn
    03A0: 69 75 6D 20 45 64 69 74 69 6F 6E 00 70 0A 02 4F  ium Edition.p..O
    03B0: 53 56 52 A0 17 4D 43 54 48 5F 4F 53 5F 0D 4C 69  SVR..MCTH_OS_.Li
    03C0: 6E 75 78 00 70 0A 03 4F 53 56 52 A0 19 4D 43 54  nux.p..OSVR..MCT
    03D0: 48 5F 4F 53 5F 0D 46 72 65 65 42 53 44 00 70 0A  H_OS_.FreeBSD.p.
    03E0: 06 4F 53 56 52 A0 17 4D 43 54 48 5F 4F 53 5F 0D  .OSVR..MCTH_OS_.
    03F0: 48 50 2D 55 58 00 70 0A 07 4F 53 56 52 A0 19 4D  HP-UX.p..OSVR..M
    0400: 43 54 48 5F 4F 53 5F 0D 4F 70 65 6E 56 4D 53 00  CTH_OS_.OpenVMS.
    0410: 70 0A 08 4F 53 56 52 A4 4F 53 56 52 14 4E 04 4D  p..OSVR.OSVR.N.M
    0420: 43 54 48 02 A0 08 95 87 68 87 69 A4 00 72 87 68  CTH.....h.i..r.h
    0430: 01 60 08 42 55 46 30 11 02 60 08 42 55 46 31 11  .`.BUF0..`.BUF1.
    0440: 02 60 70 68 42 55 46 30 70 69 42 55 46 31 A2 1A  .`phBUF0piBUF1..
    0450: 60 76 60 A0 15 92 93 83 88 42 55 46 30 60 00 83  `v`......BUF0`..
    0460: 88 42 55 46 31 60 00 A4 00 A4 01 08 50 52 57 50  .BUF1`......PRWP
    0470: 12 04 02 00 00 14 4B 07 47 50 52 57 02 70 68 88  ......K.GPRW.ph.
    0480: 50 52 57 50 00 00 70 79 53 53 31 5F 01 00 60 7D  PRWP..pySS1_..`}
    0490: 60 79 53 53 32 5F 0A 02 00 60 7D 60 79 53 53 33  `ySS2_...`}`ySS3
    04A0: 5F 0A 03 00 60 7D 60 79 53 53 34 5F 0A 04 00 60  _...`}`ySS4_...`
    04B0: A0 11 7B 79 01 69 00 60 00 70 69 88 50 52 57 50  ..{y.i.`.pi.PRWP
    04C0: 01 00 A1 29 7A 60 01 60 A0 18 91 93 4F 53 46 4C  ...)z`.`....OSFL
    04D0: 01 93 4F 53 46 4C 0A 02 81 60 88 50 52 57 50 01  ..OSFL...`.PRWP.
    04E0: 00 A1 0A 82 60 88 50 52 57 50 01 00 A4 50 52 57  ....`.PRWP...PRW
    04F0: 50 08 57 41 4B 50 12 04 02 00 00 5B 80 44 45 42  P.WAKP.....[.DEB
    0500: 30 01 0A 80 01 5B 81 0B 44 45 42 30 01 44 42 47  0....[..DEB0.DBG
    0510: 38 08 5B 80 44 45 42 31 01 0A 90 0A 02 5B 81 0B  8.[.DEB1.....[..
    0520: 44 45 42 31 02 44 42 47 39 10 08 53 53 31 5F 00  DEB1.DBG9..SS1_.
    0530: 08 53 53 32 5F 00 08 53 53 33 5F 01 08 53 53 34  .SS2_..SS3_..SS4
    0540: 5F 01 08 49 4F 53 54 0B 00 44 08 54 4F 50 4D 0C  _..IOST..D.TOPM.
    0550: 00 00 00 00 08 52 4F 4D 53 0C 00 00 E0 FF 08 56  .....ROMS......V
    0560: 47 41 46 01 10 83 11 05 5F 53 42 5F 08 50 52 30  GAF....._SB_.PR0
    0570: 30 12 4D 14 17 12 0D 04 0C FF FF 1F 00 00 4C 4E  0.M...........LN
    0580: 4B 43 00 12 0D 04 0C FF FF 1F 00 01 4C 4E 4B 44  KC..........LNKD
    0590: 00 12 0E 04 0C FF FF 1F 00 0A 02 4C 4E 4B 43 00  ...........LNKC.
    05A0: 12 0D 04 0C FF FF 1B 00 00 4C 4E 4B 47 00 12 0D  .........LNKG...
    05B0: 04 0C FF FF 16 00 00 4C 4E 4B 41 00 12 0E 04 0C  .......LNKA.....
    05C0: FF FF 16 00 0A 02 4C 4E 4B 43 00 12 0D 04 0C FF  ......LNKC......
    05D0: FF 16 00 01 4C 4E 4B 42 00 12 0D 04 0C FF FF 01  ....LNKB........
    05E0: 00 00 4C 4E 4B 41 00 12 0D 04 0C FF FF 01 00 01  ..LNKA..........
    05F0: 4C 4E 4B 42 00 12 0E 04 0C FF FF 01 00 0A 02 4C  LNKB...........L
    0600: 4E 4B 43 00 12 0E 04 0C FF FF 01 00 0A 03 4C 4E  NKC...........LN
    0610: 4B 44 00 12 0D 04 0C FF FF 06 00 00 4C 4E 4B 44  KD..........LNKD
    0620: 00 12 0D 04 0C FF FF 06 00 01 4C 4E 4B 41 00 12  ..........LNKA..
    0630: 0E 04 0C FF FF 06 00 0A 02 4C 4E 4B 42 00 12 0E  .........LNKB...
    0640: 04 0C FF FF 06 00 0A 03 4C 4E 4B 43 00 12 0D 04  ........LNKC....
    0650: 0C FF FF 02 00 00 4C 4E 4B 41 00 12 0D 04 0C FF  ......LNKA......
    0660: FF 19 00 00 4C 4E 4B 45 00 12 0D 04 0C FF FF 1D  ....LNKE........
    0670: 00 00 4C 4E 4B 48 00 12 0D 04 0C FF FF 1A 00 00  ..LNKH..........
    0680: 4C 4E 4B 41 00 12 0D 04 0C FF FF 1C 00 00 4C 4E  LNKA..........LN
    0690: 4B 42 00 12 0D 04 0C FF FF 1C 00 01 4C 4E 4B 41  KB..........LNKA
    06A0: 00 12 0E 04 0C FF FF 1C 00 0A 02 4C 4E 4B 43 00  ...........LNKC.
    06B0: 12 0E 04 0C FF FF 1C 00 0A 03 4C 4E 4B 44 00 08  ..........LNKD..
    06C0: 41 52 30 30 12 4F 11 17 12 0B 04 0C FF FF 1F 00  AR00.O..........
    06D0: 00 00 0A 12 12 0B 04 0C FF FF 1F 00 01 00 0A 13  ................
    06E0: 12 0C 04 0C FF FF 1F 00 0A 02 00 0A 12 12 0B 04  ................
    06F0: 0C FF FF 1B 00 00 00 0A 16 12 0B 04 0C FF FF 16  ................
    0700: 00 00 00 0A 10 12 0C 04 0C FF FF 16 00 0A 02 00  ................
    0710: 0A 12 12 0B 04 0C FF FF 16 00 01 00 0A 11 12 0B  ................
    0720: 04 0C FF FF 01 00 00 00 0A 10 12 0B 04 0C FF FF  ................
    0730: 01 00 01 00 0A 11 12 0C 04 0C FF FF 01 00 0A 02  ................
    0740: 00 0A 12 12 0C 04 0C FF FF 01 00 0A 03 00 0A 13  ................
    0750: 12 0B 04 0C FF FF 06 00 00 00 0A 13 12 0B 04 0C  ................
    0760: FF FF 06 00 01 00 0A 10 12 0C 04 0C FF FF 06 00  ................
    0770: 0A 02 00 0A 11 12 0C 04 0C FF FF 06 00 0A 03 00  ................
    0780: 0A 12 12 0B 04 0C FF FF 02 00 00 00 0A 10 12 0B  ................
    0790: 04 0C FF FF 19 00 00 00 0A 14 12 0B 04 0C FF FF  ................
    07A0: 1D 00 00 00 0A 17 12 0B 04 0C FF FF 1A 00 00 00  ................
    07B0: 0A 10 12 0B 04 0C FF FF 1C 00 00 00 0A 11 12 0B  ................
    07C0: 04 0C FF FF 1C 00 01 00 0A 10 12 0C 04 0C FF FF  ................
    07D0: 1C 00 0A 02 00 0A 12 12 0C 04 0C FF FF 1C 00 0A  ................
    07E0: 03 00 0A 13 08 50 52 31 31 12 34 04 12 0B 04 0B  .....PR11.4.....
    07F0: FF FF 00 4C 4E 4B 41 00 12 0B 04 0B FF FF 01 4C  ...LNKA........L
    0800: 4E 4B 42 00 12 0C 04 0B FF FF 0A 02 4C 4E 4B 43  NKB.........LNKC
    0810: 00 12 0C 04 0B FF FF 0A 03 4C 4E 4B 44 00 08 41  .........LNKD..A
    0820: 52 31 31 12 2C 04 12 09 04 0B FF FF 00 00 0A 10  R11.,...........
    0830: 12 09 04 0B FF FF 01 00 0A 11 12 0A 04 0B FF FF  ................
    0840: 0A 02 00 0A 12 12 0A 04 0B FF FF 0A 03 00 0A 13  ................
    0850: 08 50 52 31 32 12 34 04 12 0B 04 0B FF FF 00 4C  .PR12.4........L
    0860: 4E 4B 42 00 12 0B 04 0B FF FF 01 4C 4E 4B 43 00  NKB........LNKC.
    0870: 12 0C 04 0B FF FF 0A 02 4C 4E 4B 44 00 12 0C 04  ........LNKD....
    0880: 0B FF FF 0A 03 4C 4E 4B 41 00 08 41 52 31 32 12  .....LNKA..AR12.
    0890: 2C 04 12 09 04 0B FF FF 00 00 0A 11 12 09 04 0B  ,...............
    08A0: FF FF 01 00 0A 12 12 0A 04 0B FF FF 0A 02 00 0A  ................
    08B0: 13 12 0A 04 0B FF FF 0A 03 00 0A 10 08 50 52 31  .............PR1
    08C0: 33 12 34 04 12 0B 04 0B FF FF 00 4C 4E 4B 43 00  3.4........LNKC.
    08D0: 12 0B 04 0B FF FF 01 4C 4E 4B 44 00 12 0C 04 0B  .......LNKD.....
    08E0: FF FF 0A 02 4C 4E 4B 41 00 12 0C 04 0B FF FF 0A  ....LNKA........
    08F0: 03 4C 4E 4B 42 00 08 41 52 31 33 12 2C 04 12 09  .LNKB..AR13.,...
    0900: 04 0B FF FF 00 00 0A 12 12 09 04 0B FF FF 01 00  ................
    0910: 0A 13 12 0A 04 0B FF FF 0A 02 00 0A 10 12 0A 04  ................
    0920: 0B FF FF 0A 03 00 0A 11 08 50 52 31 34 12 34 04  .........PR14.4.
    0930: 12 0B 04 0B FF FF 00 4C 4E 4B 44 00 12 0B 04 0B  .......LNKD.....
    0940: FF FF 01 4C 4E 4B 43 00 12 0C 04 0B FF FF 0A 02  ...LNKC.........
    0950: 4C 4E 4B 42 00 12 0C 04 0B FF FF 0A 03 4C 4E 4B  LNKB.........LNK
    0960: 41 00 08 41 52 31 34 12 2C 04 12 09 04 0B FF FF  A..AR14.,.......
    0970: 00 00 0A 13 12 09 04 0B FF FF 01 00 0A 10 12 0A  ................
    0980: 04 0B FF FF 0A 02 00 0A 11 12 0A 04 0B FF FF 0A  ................
    0990: 03 00 0A 12 08 50 52 31 35 12 34 04 12 0B 04 0B  .....PR15.4.....
    09A0: FF FF 00 4C 4E 4B 41 00 12 0B 04 0B FF FF 01 4C  ...LNKA........L
    09B0: 4E 4B 42 00 12 0C 04 0B FF FF 0A 02 4C 4E 4B 43  NKB.........LNKC
    09C0: 00 12 0C 04 0B FF FF 0A 03 4C 4E 4B 44 00 08 41  .........LNKD..A
    09D0: 52 31 35 12 2C 04 12 09 04 0B FF FF 00 00 0A 10  R15.,...........
    09E0: 12 09 04 0B FF FF 01 00 0A 11 12 0A 04 0B FF FF  ................
    09F0: 0A 02 00 0A 12 12 0A 04 0B FF FF 0A 03 00 0A 13  ................
    0A00: 08 50 52 31 36 12 34 04 12 0B 04 0B FF FF 00 4C  .PR16.4........L
    0A10: 4E 4B 42 00 12 0B 04 0B FF FF 01 4C 4E 4B 43 00  NKB........LNKC.
    0A20: 12 0C 04 0B FF FF 0A 02 4C 4E 4B 44 00 12 0C 04  ........LNKD....
    0A30: 0B FF FF 0A 03 4C 4E 4B 41 00 08 41 52 31 36 12  .....LNKA..AR16.
    0A40: 2C 04 12 09 04 0B FF FF 00 00 0A 11 12 09 04 0B  ,...............
    0A50: FF FF 01 00 0A 12 12 0A 04 0B FF FF 0A 02 00 0A  ................
    0A60: 13 12 0A 04 0B FF FF 0A 03 00 0A 10 08 50 52 31  .............PR1
    0A70: 37 12 34 04 12 0B 04 0B FF FF 00 4C 4E 4B 43 00  7.4........LNKC.
    0A80: 12 0B 04 0B FF FF 01 4C 4E 4B 44 00 12 0C 04 0B  .......LNKD.....
    0A90: FF FF 0A 02 4C 4E 4B 41 00 12 0C 04 0B FF FF 0A  ....LNKA........
    0AA0: 03 4C 4E 4B 42 00 08 41 52 31 37 12 2C 04 12 09  .LNKB..AR17.,...
    0AB0: 04 0B FF FF 00 00 0A 12 12 09 04 0B FF FF 01 00  ................
    0AC0: 0A 13 12 0A 04 0B FF FF 0A 02 00 0A 10 12 0A 04  ................
    0AD0: 0B FF FF 0A 03 00 0A 11 08 50 52 31 38 12 34 04  .........PR18.4.
    0AE0: 12 0B 04 0B FF FF 00 4C 4E 4B 44 00 12 0B 04 0B  .......LNKD.....
    0AF0: FF FF 01 4C 4E 4B 41 00 12 0C 04 0B FF FF 0A 02  ...LNKA.........
    0B00: 4C 4E 4B 42 00 12 0C 04 0B FF FF 0A 03 4C 4E 4B  LNKB.........LNK
    0B10: 43 00 08 41 52 31 38 12 2C 04 12 09 04 0B FF FF  C..AR18.,.......
    0B20: 00 00 0A 13 12 09 04 0B FF FF 01 00 0A 10 12 0A  ................
    0B30: 04 0B FF FF 0A 02 00 0A 11 12 0A 04 0B FF FF 0A  ................
    0B40: 03 00 0A 12 08 50 52 30 31 12 34 04 12 0B 04 0B  .....PR01.4.....
    0B50: FF FF 00 4C 4E 4B 41 00 12 0B 04 0B FF FF 01 4C  ...LNKA........L
    0B60: 4E 4B 42 00 12 0C 04 0B FF FF 0A 02 4C 4E 4B 43  NKB.........LNKC
    0B70: 00 12 0C 04 0B FF FF 0A 03 4C 4E 4B 44 00 08 41  .........LNKD..A
    0B80: 52 30 31 12 2C 04 12 09 04 0B FF FF 00 00 0A 10  R01.,...........
    0B90: 12 09 04 0B FF FF 01 00 0A 11 12 0A 04 0B FF FF  ................
    0BA0: 0A 02 00 0A 12 12 0A 04 0B FF FF 0A 03 00 0A 13  ................
    0BB0: 08 50 52 30 32 12 34 04 12 0B 04 0B FF FF 00 4C  .PR02.4........L
    0BC0: 4E 4B 42 00 12 0B 04 0B FF FF 01 4C 4E 4B 43 00  NKB........LNKC.
    0BD0: 12 0C 04 0B FF FF 0A 02 4C 4E 4B 44 00 12 0C 04  ........LNKD....
    0BE0: 0B FF FF 0A 03 4C 4E 4B 41 00 08 41 52 30 32 12  .....LNKA..AR02.
    0BF0: 2C 04 12 09 04 0B FF FF 00 00 0A 11 12 09 04 0B  ,...............
    0C00: FF FF 01 00 0A 12 12 0A 04 0B FF FF 0A 02 00 0A  ................
    0C10: 13 12 0A 04 0B FF FF 0A 03 00 0A 10 08 50 52 30  .............PR0
    0C20: 33 12 34 04 12 0B 04 0B FF FF 00 4C 4E 4B 43 00  3.4........LNKC.
    0C30: 12 0B 04 0B FF FF 01 4C 4E 4B 44 00 12 0C 04 0B  .......LNKD.....
    0C40: FF FF 0A 02 4C 4E 4B 41 00 12 0C 04 0B FF FF 0A  ....LNKA........
    0C50: 03 4C 4E 4B 42 00 08 41 52 30 33 12 2C 04 12 09  .LNKB..AR03.,...
    0C60: 04 0B FF FF 00 00 0A 12 12 09 04 0B FF FF 01 00  ................
    0C70: 0A 13 12 0A 04 0B FF FF 0A 02 00 0A 10 12 0A 04  ................
    0C80: 0B FF FF 0A 03 00 0A 11 08 50 52 30 34 12 34 04  .........PR04.4.
    0C90: 12 0B 04 0B FF FF 00 4C 4E 4B 44 00 12 0B 04 0B  .......LNKD.....
    0CA0: FF FF 01 4C 4E 4B 41 00 12 0C 04 0B FF FF 0A 02  ...LNKA.........
    0CB0: 4C 4E 4B 42 00 12 0C 04 0B FF FF 0A 03 4C 4E 4B  LNKB.........LNK
    0CC0: 43 00 08 41 52 30 34 12 2C 04 12 09 04 0B FF FF  C..AR04.,.......
    0CD0: 00 00 0A 13 12 09 04 0B FF FF 01 00 0A 10 12 0A  ................
    0CE0: 04 0B FF FF 0A 02 00 0A 11 12 0A 04 0B FF FF 0A  ................
    0CF0: 03 00 0A 12 08 50 52 32 31 12 49 0A 0C 12 0B 04  .....PR21.I.....
    0D00: 0B FF FF 00 4C 4E 4B 41 00 12 0B 04 0B FF FF 01  ....LNKA........
    0D10: 4C 4E 4B 42 00 12 0C 04 0B FF FF 0A 02 4C 4E 4B  LNKB.........LNK
    0D20: 43 00 12 0C 04 0B FF FF 0A 03 4C 4E 4B 44 00 12  C.........LNKD..
    0D30: 0D 04 0C FF FF 01 00 00 4C 4E 4B 42 00 12 0D 04  ........LNKB....
    0D40: 0C FF FF 01 00 01 4C 4E 4B 43 00 12 0E 04 0C FF  ......LNKC......
    0D50: FF 01 00 0A 02 4C 4E 4B 44 00 12 0E 04 0C FF FF  .....LNKD.......
    0D60: 01 00 0A 03 4C 4E 4B 41 00 12 0D 04 0C FF FF 02  ....LNKA........
    0D70: 00 00 4C 4E 4B 43 00 12 0D 04 0C FF FF 02 00 01  ..LNKC..........
    0D80: 4C 4E 4B 44 00 12 0E 04 0C FF FF 02 00 0A 02 4C  LNKD...........L
    0D90: 4E 4B 41 00 12 0E 04 0C FF FF 02 00 0A 03 4C 4E  NKA...........LN
    0DA0: 4B 42 00 08 41 52 32 31 12 41 09 0C 12 09 04 0B  KB..AR21.A......
    0DB0: FF FF 00 00 0A 10 12 09 04 0B FF FF 01 00 0A 11  ................
    0DC0: 12 0A 04 0B FF FF 0A 02 00 0A 12 12 0A 04 0B FF  ................
    0DD0: FF 0A 03 00 0A 13 12 0B 04 0C FF FF 01 00 00 00  ................
    0DE0: 0A 11 12 0B 04 0C FF FF 01 00 01 00 0A 12 12 0C  ................
    0DF0: 04 0C FF FF 01 00 0A 02 00 0A 13 12 0C 04 0C FF  ................
    0E00: FF 01 00 0A 03 00 0A 10 12 0B 04 0C FF FF 02 00  ................
    0E10: 00 00 0A 12 12 0B 04 0C FF FF 02 00 01 00 0A 13  ................
    0E20: 12 0C 04 0C FF FF 02 00 0A 02 00 0A 10 12 0C 04  ................
    0E30: 0C FF FF 02 00 0A 03 00 0A 11 08 50 52 53 41 11  ...........PRSA.
    0E40: 09 0A 06 23 F8 DC 18 79 00 06 50 52 53 41 50 52  ...#...y..PRSAPR
    0E50: 53 42 08 50 52 53 43 11 09 0A 06 23 78 DC 18 79  SB.PRSC....#x..y
    0E60: 00 06 50 52 53 43 50 52 53 44 06 50 52 53 41 50  ..PRSCPRSD.PRSAP
    0E70: 52 53 45 06 50 52 53 41 50 52 53 46 06 50 52 53  RSE.PRSAPRSF.PRS
    0E80: 41 50 52 53 47 06 50 52 53 41 50 52 53 48 5B 82  APRSG.PRSAPRSH[.
    0E90: 86 64 04 50 43 49 30 08 5F 48 49 44 0C 41 D0 0A  .d.PCI0._HID.A..
    0EA0: 08 08 5F 43 49 44 0C 41 D0 0A 03 08 5F 41 44 52  .._CID.A...._ADR
    0EB0: 00 14 09 5E 42 4E 30 30 00 A4 00 14 0B 5F 42 42  ...^BN00....._BB
    0EC0: 4E 00 A4 42 4E 30 30 08 5F 55 49 44 00 14 16 5F  N..BN00._UID..._
    0ED0: 50 52 54 00 A0 0A 50 49 43 4D A4 41 52 30 30 A4  PRT...PICM.AR00.
    0EE0: 50 52 30 30 14 1E 5F 53 33 44 00 A0 12 91 93 4F  PR00.._S3D.....O
    0EF0: 53 46 4C 01 93 4F 53 46 4C 0A 02 A4 0A 02 A1 04  SFL..OSFL.......
    0F00: A4 0A 03 5B 82 46 0F 4D 43 48 5F 08 5F 48 49 44  ...[.F.MCH_._HID
    0F10: 0C 41 D0 0C 01 08 5F 55 49 44 0A 0A 08 4D 43 48  .A...._UID...MCH
    0F20: 52 11 42 04 0A 3E 86 09 00 01 00 00 D1 FE 00 A0  R.B..>..........
    0F30: 00 00 86 09 00 01 00 00 00 00 00 00 E0 1F 86 09  ................
    0F40: 00 01 00 00 00 00 00 10 00 00 86 09 00 01 00 00  ................
    0F50: D2 FE 00 00 02 00 86 09 00 01 00 00 E0 FE 00 00  ................
    0F60: 01 00 79 00 14 46 09 5F 43 52 53 00 8A 4D 43 48  ..y..F._CRS..MCH
    0F70: 52 0A 10 50 43 49 42 8A 4D 43 48 52 0A 14 50 43  R..PCIB.MCHR..PC
    0F80: 49 4C A0 1A 92 93 50 45 58 42 00 70 50 45 58 42  IL....PEXB.pPEXB
    0F90: 50 43 49 42 70 50 45 58 4C 50 43 49 4C A1 13 70  PCIBpPEXLPCIL..p
    0FA0: 50 45 42 53 50 43 49 42 70 50 45 4C 4E 50 43 49  PEBSPCIBpPELNPCI
    0FB0: 4C 8A 4D 43 48 52 0A 1C 56 54 43 42 8A 4D 43 48  L.MCHR..VTCB.MCH
    0FC0: 52 0A 20 56 54 43 4C A0 1A 92 93 56 54 44 42 00  R. VTCL....VTDB.
    0FD0: 70 56 54 44 42 56 54 43 42 70 56 54 4C 4E 56 54  pVTDBVTCBpVTLNVT
    0FE0: 43 4C A1 13 70 56 54 44 53 56 54 43 42 70 56 54  CL..pVTDSVTCBpVT
    0FF0: 44 4C 56 54 43 4C A4 4D 43 48 52 5B 80 4E 42 4E  DLVTCL.MCHR[.NBN
    1000: 56 00 0C 18 CC 3E E7 0B 00 01 5B 81 2C 4E 42 4E  V....>....[.,NBN
    1010: 56 10 4E 42 53 47 20 00 40 06 50 45 58 42 20 50  V.NBSG .@.PEXB P
    1020: 45 58 4C 20 4D 43 48 42 20 4D 43 48 4C 20 56 54  EXL MCHB MCHL VT
    1030: 44 42 20 56 54 4C 4E 20 14 06 4E 50 54 53 01 14  DB VTLN ..NPTS..
    1040: 06 4E 57 41 4B 01 08 43 50 52 42 01 08 4C 56 47  .NWAK..CPRB..LVG
    1050: 41 0A 55 08 42 52 42 5F 0B 00 00 08 42 52 4C 5F  A.U.BRB_....BRL_
    1060: 0B 00 01 08 49 4F 42 5F 0B 00 10 08 49 4F 4C 5F  ....IOB_....IOL_
    1070: 0B 00 F0 08 4D 42 42 5F 0C 00 00 00 E8 08 4D 42  ....MBB_......MB
    1080: 4C 5F 0C 00 00 00 10 08 4D 41 42 4C 0C 00 00 00  L_......MABL....
    1090: 00 08 4D 41 42 48 0C 00 00 00 00 08 4D 41 4C 4C  ..MABH......MALL
    10A0: 0C 00 00 00 00 08 4D 41 4C 48 0C 00 00 00 00 08  ......MALH......
    10B0: 4D 41 4D 4C 0C 00 00 00 00 08 4D 41 4D 48 0C 00  MAML......MAMH..
    10C0: 00 00 00 08 43 52 53 31 11 4A 0D 0A D6 88 0D 00  ....CRS1.J......
    10D0: 02 0C 00 00 00 00 00 7F 00 00 00 80 00 47 01 F8  .............G..
    10E0: 0C F8 0C 01 08 88 0D 00 01 0C 03 00 00 00 00 AF  ................
    10F0: 03 00 00 B0 03 88 0D 00 01 0C 03 00 00 E0 03 F7  ................
    1100: 0C 00 00 18 09 88 0D 00 01 0C 03 00 00 00 00 00  ................
    1110: 00 00 00 00 00 88 0D 00 01 0C 03 00 00 00 0D FF  ................
    1120: 0F 00 00 00 03 87 17 00 00 0C 03 00 00 00 00 00  ................
    1130: 00 00 00 00 00 00 00 00 00 00 00 00 00 00 00 87  ................
    1140: 17 00 00 0C 01 00 00 00 00 00 00 0C 00 FF FF 0D  ................
    1150: 00 00 00 00 00 00 00 02 00 87 17 00 00 0C 03 00  ................
    1160: 00 00 00 00 00 00 02 FF FF DF FF 00 00 00 00 00  ................
    1170: 00 FC FD 8A 2B 00 00 0C 03 00 00 00 00 00 00 00  ....+...........
    1180: 00 00 00 00 00 00 00 00 00 00 00 00 00 00 00 00  ................
    1190: 00 00 00 00 00 00 00 00 00 00 00 00 00 00 00 00  ................
    11A0: 00 79 00 08 43 52 53 32 11 48 09 0A 94 88 0D 00  .y..CRS2.H......
    11B0: 02 0C 00 00 00 80 00 FF 00 00 00 80 00 88 0D 00  ................
    11C0: 01 0C 03 00 00 00 00 00 00 00 00 00 00 88 0D 00  ................
    11D0: 01 0C 03 00 00 00 00 00 00 00 00 00 00 87 17 00  ................
    11E0: 00 0C 03 00 00 00 00 00 00 00 00 00 00 00 00 00  ................
    11F0: 00 00 00 00 00 00 00 87 17 00 00 0C 03 00 00 00  ................
    1200: 00 00 00 00 80 FF FF FF FF 00 00 00 00 00 00 00  ................
    1210: 80 8A 2B 00 00 0C 03 00 00 00 00 00 00 00 00 00  ..+.............
    1220: 00 00 00 00 00 00 00 00 00 00 00 00 00 00 00 00  ................
    1230: 00 00 00 00 00 00 00 00 00 00 00 00 00 00 00 79  ...............y
    1240: 00 14 4D 42 5F 43 52 53 00 CC A0 4F 23 43 50 52  ..MB_CRS...O#CPR
    1250: 42 8B 43 52 53 31 0A 08 4D 49 4E 30 8B 43 52 53  B.CRS1..MIN0.CRS
    1260: 31 0A 0A 4D 41 58 30 8B 43 52 53 31 0A 0E 4C 45  1..MAX0.CRS1..LE
    1270: 4E 30 70 42 52 42 5F 4D 49 4E 30 70 42 52 4C 5F  N0pBRB_MIN0pBRL_
    1280: 4C 45 4E 30 70 4C 45 4E 30 60 72 4D 49 4E 30 76  LEN0pLEN0`rMIN0v
    1290: 60 4D 41 58 30 8B 43 52 53 31 0A 50 4D 49 4E 31  `MAX0.CRS1.PMIN1
    12A0: 8B 43 52 53 31 0A 52 4D 41 58 31 8B 43 52 53 31  .CRS1.RMAX1.CRS1
    12B0: 0A 56 4C 45 4E 31 A0 2B 93 49 4F 42 5F 0B 00 10  .VLEN1.+.IOB_...
    12C0: 70 49 4F 4C 5F 60 72 49 4F 42 5F 76 60 4D 41 58  pIOL_`rIOB_v`MAX
    12D0: 31 74 4D 41 58 31 4D 49 4E 31 60 72 60 01 4C 45  1tMAX1MIN1`r`.LE
    12E0: 4E 31 A1 24 70 49 4F 42 5F 4D 49 4E 31 70 49 4F  N1.$pIOB_MIN1pIO
    12F0: 4C 5F 4C 45 4E 31 70 4C 45 4E 31 60 72 4D 49 4E  L_LEN1pLEN1`rMIN
    1300: 31 76 60 4D 41 58 31 A0 44 09 91 93 4C 56 47 41  1v`MAX1.D...LVGA
    1310: 01 93 4C 56 47 41 0A 55 A0 43 08 56 47 41 46 8B  ..LVGA.U.C.VGAF.
    1320: 43 52 53 31 0A 40 49 4D 4E 31 8B 43 52 53 31 0A  CRS1.@IMN1.CRS1.
    1330: 42 49 4D 58 31 8B 43 52 53 31 0A 46 49 4C 4E 31  BIMX1.CRS1.FILN1
    1340: 70 0B B0 03 49 4D 4E 31 70 0B DF 03 49 4D 58 31  p...IMN1p...IMX1
    1350: 70 0A 30 49 4C 4E 31 8A 43 52 53 31 0A 62 56 4D  p.0ILN1.CRS1.bVM
    1360: 4E 31 8A 43 52 53 31 0A 66 56 4D 58 31 8A 43 52  N1.CRS1.fVMX1.CR
    1370: 53 31 0A 6E 56 4C 4E 31 70 0C 00 00 0A 00 56 4D  S1.nVLN1p.....VM
    1380: 4E 31 70 0C FF FF 0B 00 56 4D 58 31 70 0C 00 00  N1p.....VMX1p...
    1390: 02 00 56 4C 4E 31 70 00 56 47 41 46 8A 43 52 53  ..VLN1p.VGAF.CRS
    13A0: 31 0A 96 4D 49 4E 33 8A 43 52 53 31 0A 9A 4D 41  1..MIN3.CRS1..MA
    13B0: 58 33 8A 43 52 53 31 0A A2 4C 45 4E 33 70 4D 42  X3.CRS1..LEN3pMB
    13C0: 42 5F 4D 49 4E 33 70 4D 42 4C 5F 4C 45 4E 33 70  B_MIN3pMBL_LEN3p
    13D0: 4C 45 4E 33 60 72 4D 49 4E 33 76 60 4D 41 58 33  LEN3`rMIN3v`MAX3
    13E0: A0 44 0A 91 4D 41 4C 48 4D 41 4C 4C 8A 43 52 53  .D..MALHMALL.CRS
    13F0: 31 0A B4 4D 4E 38 4C 72 0A B4 0A 04 60 8A 43 52  1..MN8Lr....`.CR
    1400: 53 31 60 4D 4E 38 48 70 4D 41 42 4C 4D 4E 38 4C  S1`MN8HpMABLMN8L
    1410: 70 4D 41 42 48 4D 4E 38 48 8A 43 52 53 31 0A BC  pMABHMN8H.CRS1..
    1420: 4D 58 38 4C 72 0A BC 0A 04 61 8A 43 52 53 31 61  MX8Lr....a.CRS1a
    1430: 4D 58 38 48 8A 43 52 53 31 0A CC 4C 4E 38 4C 72  MX8H.CRS1..LN8Lr
    1440: 0A CC 0A 04 62 8A 43 52 53 31 62 4C 4E 38 48 70  ....b.CRS1bLN8Hp
    1450: 4D 41 42 4C 4D 4E 38 4C 70 4D 41 42 48 4D 4E 38  MABLMN8LpMABHMN8
    1460: 48 70 4D 41 4C 4C 4C 4E 38 4C 70 4D 41 4C 48 4C  HpMALLLN8LpMALHL
    1470: 4E 38 48 70 4D 41 4D 4C 4D 58 38 4C 70 4D 41 4D  N8HpMAMLMX8LpMAM
    1480: 48 4D 58 38 48 A4 43 52 53 31 A1 44 1E 8B 43 52  HMX8H.CRS1.D..CR
    1490: 53 32 0A 08 4D 49 4E 32 8B 43 52 53 32 0A 0A 4D  S2..MIN2.CRS2..M
    14A0: 41 58 32 8B 43 52 53 32 0A 0E 4C 45 4E 32 70 42  AX2.CRS2..LEN2pB
    14B0: 52 42 5F 4D 49 4E 32 70 42 52 4C 5F 4C 45 4E 32  RB_MIN2pBRL_LEN2
    14C0: 70 4C 45 4E 32 61 72 4D 49 4E 32 76 61 4D 41 58  pLEN2arMIN2vaMAX
    14D0: 32 8B 43 52 53 32 0A 28 4D 49 4E 34 8B 43 52 53  2.CRS2.(MIN4.CRS
    14E0: 32 0A 2A 4D 41 58 34 8B 43 52 53 32 0A 2E 4C 45  2.*MAX4.CRS2..LE
    14F0: 4E 34 70 49 4F 42 5F 4D 49 4E 34 70 49 4F 4C 5F  N4pIOB_MIN4pIOL_
    1500: 4C 45 4E 34 70 4C 45 4E 34 61 72 4D 49 4E 34 76  LEN4pLEN4arMIN4v
    1510: 61 4D 41 58 34 A0 4D 07 4C 56 47 41 8B 43 52 53  aMAX4.M.LVGA.CRS
    1520: 32 0A 18 49 4D 4E 32 8B 43 52 53 32 0A 1A 49 4D  2..IMN2.CRS2..IM
    1530: 58 32 8B 43 52 53 32 0A 1E 49 4C 4E 32 70 0B B0  X2.CRS2..ILN2p..
    1540: 03 49 4D 4E 32 70 0B DF 03 49 4D 58 32 70 0A 30  .IMN2p...IMX2p.0
    1550: 49 4C 4E 32 8A 43 52 53 32 0A 3A 56 4D 4E 32 8A  ILN2.CRS2.:VMN2.
    1560: 43 52 53 32 0A 3E 56 4D 58 32 8A 43 52 53 32 0A  CRS2.>VMX2.CRS2.
    1570: 46 56 4C 4E 32 70 0C 00 00 0A 00 56 4D 4E 32 70  FVLN2p.....VMN2p
    1580: 0C FF FF 0B 00 56 4D 58 32 70 0C 00 00 02 00 56  .....VMX2p.....V
    1590: 4C 4E 32 8A 43 52 53 32 0A 54 4D 49 4E 35 8A 43  LN2.CRS2.TMIN5.C
    15A0: 52 53 32 0A 58 4D 41 58 35 8A 43 52 53 32 0A 60  RS2.XMAX5.CRS2.`
    15B0: 4C 45 4E 35 70 4D 42 42 5F 4D 49 4E 35 70 4D 42  LEN5pMBB_MIN5pMB
    15C0: 4C 5F 4C 45 4E 35 70 4C 45 4E 35 61 72 4D 49 4E  L_LEN5pLEN5arMIN
    15D0: 35 76 61 4D 41 58 35 A0 42 09 91 4D 41 4C 48 4D  5vaMAX5.B..MALHM
    15E0: 41 4C 4C 8A 43 52 53 32 0A 72 4D 4E 39 4C 72 0A  ALL.CRS2.rMN9Lr.
    15F0: 72 0A 04 60 8A 43 52 53 32 60 4D 4E 39 48 8A 43  r..`.CRS2`MN9H.C
    1600: 52 53 32 0A 7A 4D 58 39 4C 72 0A 7A 0A 04 61 8A  RS2.zMX9Lr.z..a.
    1610: 43 52 53 32 61 4D 58 39 48 8A 43 52 53 32 0A 8A  CRS2aMX9H.CRS2..
    1620: 4C 4E 39 4C 72 0A 8A 0A 04 62 8A 43 52 53 32 62  LN9Lr....b.CRS2b
    1630: 4C 4E 39 48 70 4D 41 42 4C 4D 4E 39 4C 70 4D 41  LN9HpMABLMN9LpMA
    1640: 42 48 4D 4E 39 48 70 4D 41 4C 4C 4C 4E 39 4C 70  BHMN9HpMALLLN9Lp
    1650: 4D 41 4C 48 4C 4E 39 48 70 4D 41 4D 4C 4D 58 39  MALHLN9HpMAMLMX9
    1660: 4C 70 4D 41 4D 48 4D 58 39 48 A4 43 52 53 32 14  LpMAMHMX9H.CRS2.
    1670: 4A 10 5F 4F 53 43 04 08 53 55 50 50 00 08 43 54  J._OSC..SUPP..CT
    1680: 52 4C 00 8A 6B 00 43 44 57 31 8A 6B 0A 04 43 44  RL..k.CDW1.k..CD
    1690: 57 32 8A 6B 0A 08 43 44 57 33 A0 40 0D 93 68 11  W2.k..CDW3.@..h.
    16A0: 13 0A 10 5B 4D DB 33 F7 1F 1C 40 96 57 74 41 C0  ...[M.3...@.WtA.
    16B0: 3D D7 66 70 43 44 57 32 53 55 50 50 70 43 44 57  =.fpCDW2SUPPpCDW
    16C0: 33 43 54 52 4C A0 18 92 93 7B 53 55 50 50 0A 16  3CTRL....{SUPP..
    16D0: 00 0A 16 7B 43 54 52 4C 0A 1E 43 54 52 4C A0 11  ...{CTRL..CTRL..
    16E0: 92 50 45 48 50 7B 43 54 52 4C 0A 1E 43 54 52 4C  .PEHP{CTRL..CTRL
    16F0: A0 11 92 53 48 50 43 7B 43 54 52 4C 0A 1D 43 54  ...SHPC{CTRL..CT
    1700: 52 4C A0 11 92 50 45 50 4D 7B 43 54 52 4C 0A 1B  RL...PEPM{CTRL..
    1710: 43 54 52 4C A0 11 92 50 45 45 52 7B 43 54 52 4C  CTRL...PEER{CTRL
    1720: 0A 15 43 54 52 4C A0 11 92 50 45 43 53 7B 43 54  ..CTRL...PECS{CT
    1730: 52 4C 0A 0F 43 54 52 4C A0 10 92 93 69 01 7D 43  RL..CTRL....i.}C
    1740: 44 57 31 0A 08 43 44 57 31 A0 16 92 93 43 44 57  DW1..CDW1....CDW
    1750: 33 43 54 52 4C 7D 43 44 57 31 0A 10 43 44 57 31  3CTRL}CDW1..CDW1
    1760: 70 43 54 52 4C 43 44 57 33 A4 6B A1 0E 7D 43 44  pCTRLCDW3.k..}CD
    1770: 57 31 0A 04 43 44 57 31 A4 6B 5B 82 80 89 01 53  W1..CDW1.k[....S
    1780: 42 52 47 08 5F 41 44 52 0C 00 00 1F 00 14 18 53  BRG._ADR.......S
    1790: 50 54 53 01 70 01 50 53 31 53 70 01 50 53 31 45  PTS.p.PS1Sp.PS1E
    17A0: 70 01 53 4C 50 53 14 41 05 53 57 41 4B 01 70 00  p.SLPS.A.SWAK.p.
    17B0: 53 4C 50 53 70 00 50 53 31 45 A0 05 52 54 43 53  SLPSp.PS1E..RTCS
    17C0: A1 37 A0 05 50 45 58 53 A1 2F A0 05 50 4D 45 53  .7..PEXS./..PMES
    17D0: A1 27 A0 05 50 4D 42 30 A1 1F A0 05 52 49 53 54  .'..PMB0....RIST
    17E0: A1 17 A0 0C 5E 5E 2E 47 42 45 5F 47 42 45 53 A1  ....^^.GBE_GBES.
    17F0: 08 86 50 57 52 42 0A 02 5B 80 41 50 4D 50 01 53  ..PWRB..[.APMP.S
    1800: 4D 49 50 0A 02 5B 81 10 41 50 4D 50 01 41 50 4D  MIP..[..APMP.APM
    1810: 43 08 41 50 4D 53 08 5B 81 0F 41 50 4D 50 01 00  C.APMS.[..APMP..
    1820: 08 00 01 42 52 54 43 01 5B 80 53 4D 49 45 01 50  ...BRTC.[.SMIE.P
    1830: 4D 33 30 0A 08 5B 81 16 53 4D 49 45 01 00 04 50  M30..[..SMIE...P
    1840: 53 31 45 01 00 1F 50 53 31 53 01 00 1B 10 46 0B  S1E...PS1S....F.
    1850: 5C 5F 53 42 5F 08 53 4C 50 53 00 5B 80 50 4D 53  \_SB_.SLPS.[.PMS
    1860: 30 01 50 4D 42 53 0A 04 5B 81 22 50 4D 53 30 01  0.PMBS..[."PMS0.
    1870: 00 0A 52 54 43 53 01 00 03 50 45 58 53 01 57 41  ..RTCS...PEXS.WA
    1880: 4B 53 01 00 08 50 57 42 54 01 00 07 5B 80 47 50  KS...PWBT...[.GP
    1890: 45 30 01 0B 20 04 0A 08 5B 81 1D 47 50 45 30 01  E0.. ...[..GPE0.
    18A0: 00 08 52 49 53 54 01 00 02 50 4D 45 53 01 00 01  ..RIST...PMES...
    18B0: 50 4D 42 30 01 00 32 5B 82 4B 04 53 4C 50 42 08  PMB0..2[.K.SLPB.
    18C0: 5F 48 49 44 0C 41 D0 0C 0E 14 17 5F 53 54 41 00  _HID.A....._STA.
    18D0: A0 0C 92 93 53 55 53 57 0A FF A4 0A 0F A1 03 A4  ....SUSW........
    18E0: 00 14 22 5F 50 52 57 00 A0 13 92 93 53 55 53 57  .."_PRW.....SUSW
    18F0: 0A FF A4 12 08 02 53 55 53 57 0A 04 A1 07 A4 12  ......SUSW......
    1900: 04 02 00 00 10 4B 28 5C 5F 53 42 5F 10 43 28 50  .....K(\_SB_.C(P
    1910: 43 49 30 5B 82 4A 20 50 43 48 5F 08 5F 48 49 44  CI0[.J PCH_._HID
    1920: 0C 41 D0 0C 01 08 5F 55 49 44 0B C7 01 08 5F 53  .A...._UID...._S
    1930: 54 41 0A 0F 08 49 43 48 52 11 46 05 0A 52 47 01  TA...ICHR.F..RG.
    1940: 00 00 00 00 00 00 47 01 00 00 00 00 00 00 47 01  ......G.......G.
    1950: 00 00 00 00 00 00 47 01 00 00 00 00 00 00 86 09  ......G.........
    1960: 00 01 00 00 00 00 00 00 00 00 86 09 00 01 00 00  ................
    1970: 00 00 00 00 00 00 86 09 00 01 00 00 00 00 00 00  ................
    1980: 00 00 86 09 00 01 00 00 00 FF 00 00 00 01 79 00  ..............y.
    1990: 14 4E 18 5F 43 52 53 00 8B 49 43 48 52 0A 02 50  .N._CRS..ICHR..P
    19A0: 42 42 5F 8B 49 43 48 52 0A 04 50 42 48 5F 8C 49  BB_.ICHR..PBH_.I
    19B0: 43 48 52 0A 07 50 4D 4C 5F 70 50 4D 42 53 50 42  CHR..PML_pPMBSPB
    19C0: 42 5F 70 50 4D 42 53 50 42 48 5F 70 0A 54 50 4D  B_pPMBSPBH_p.TPM
    19D0: 4C 5F 8B 49 43 48 52 0A 0A 50 32 42 5F 8B 49 43  L_.ICHR..P2B_.IC
    19E0: 48 52 0A 0C 50 32 48 5F 8C 49 43 48 52 0A 0F 50  HR..P2H_.ICHR..P
    19F0: 32 4C 5F 72 50 4D 42 53 0A 58 50 32 42 5F 72 50  2L_rPMBS.XP2B_rP
    1A00: 4D 42 53 0A 58 50 32 48 5F 70 0A 28 50 32 4C 5F  MBS.XP2H_p.(P2L_
    1A10: A0 42 04 53 4D 42 53 8B 49 43 48 52 0A 12 53 4D  .B.SMBS.ICHR..SM
    1A20: 42 5F 8B 49 43 48 52 0A 14 53 4D 48 5F 8C 49 43  B_.ICHR..SMH_.IC
    1A30: 48 52 0A 17 53 4D 4C 5F 70 53 4D 42 53 53 4D 42  HR..SML_pSMBSSMB
    1A40: 5F 70 53 4D 42 53 53 4D 48 5F 70 53 4D 42 4C 53  _pSMBSSMH_pSMBLS
    1A50: 4D 4C 5F A0 42 04 47 50 42 53 8B 49 43 48 52 0A  ML_.B.GPBS.ICHR.
    1A60: 1A 49 47 42 5F 8B 49 43 48 52 0A 1C 49 47 48 5F  .IGB_.ICHR..IGH_
    1A70: 8C 49 43 48 52 0A 1F 49 47 4C 5F 70 47 50 42 53  .ICHR..IGL_pGPBS
    1A80: 49 47 42 5F 70 47 50 42 53 49 47 48 5F 70 47 50  IGB_pGPBSIGH_pGP
    1A90: 4C 4E 49 47 4C 5F A0 2D 41 50 43 42 8A 49 43 48  LNIGL_.-APCB.ICH
    1AA0: 52 0A 30 41 50 42 5F 8A 49 43 48 52 0A 34 41 50  R.0APB_.ICHR.4AP
    1AB0: 4C 5F 70 41 50 43 42 41 50 42 5F 70 41 50 43 4C  L_pAPCBAPB_pAPCL
    1AC0: 41 50 4C 5F 8A 49 43 48 52 0A 24 52 43 42 5F 8A  APL_.ICHR.$RCB_.
    1AD0: 49 43 48 52 0A 28 52 43 4C 5F 70 53 52 43 42 52  ICHR.(RCL_pSRCBR
    1AE0: 43 42 5F 70 53 52 43 4C 52 43 4C 5F A0 2D 54 43  CB_pSRCLRCL_.-TC
    1AF0: 42 52 8A 49 43 48 52 0A 3C 54 43 42 5F 8A 49 43  BR.ICHR.<TCB_.IC
    1B00: 48 52 0A 40 54 43 4C 5F 70 54 43 42 52 54 43 42  HR.@TCL_pTCBRTCB
    1B10: 5F 70 54 43 4C 54 54 43 4C 5F A4 49 43 48 52 5B  _pTCLTTCL_.ICHR[
    1B20: 82 4F 06 43 57 44 54 08 5F 48 49 44 0C 25 D4 3F  .O.CWDT._HID.%.?
    1B30: 0D 08 5F 43 49 44 0C 41 D0 0C 02 08 42 55 46 30  .._CID.A....BUF0
    1B40: 11 0D 0A 0A 47 01 54 04 54 04 04 04 79 00 14 09  ....G.T.T...y...
    1B50: 5F 53 54 41 08 A4 0A 0F 14 37 5F 43 52 53 08 8B  _STA.....7_CRS..
    1B60: 42 55 46 30 0A 02 57 44 42 5F 8B 42 55 46 30 0A  BUF0..WDB_.BUF0.
    1B70: 04 57 44 48 5F 72 50 4D 42 53 0A 54 57 44 42 5F  .WDH_rPMBS.TWDB_
    1B80: 72 50 4D 42 53 0A 54 57 44 48 5F A4 42 55 46 30  rPMBS.TWDH_.BUF0
    1B90: 5B 82 43 58 53 49 4F 31 08 5F 48 49 44 0C 41 D0  [.CXSIO1._HID.A.
    1BA0: 0C 02 14 0B 5F 55 49 44 00 A4 53 50 31 4F 08 43  ...._UID..SP1O.C
    1BB0: 52 53 5F 11 1D 0A 1A 47 01 00 00 00 00 00 00 47  RS_....G.......G
    1BC0: 01 00 00 00 00 00 00 47 01 00 00 00 00 00 00 79  .......G.......y
    1BD0: 00 14 4A 10 5F 43 52 53 00 A0 4C 04 90 95 53 50  ..J._CRS..L...SP
    1BE0: 31 4F 0B F0 03 94 53 50 31 4F 0A F0 8B 43 52 53  1O....SP1O...CRS
    1BF0: 5F 0A 02 47 50 49 30 8B 43 52 53 5F 0A 04 47 50  _..GPI0.CRS_..GP
    1C00: 49 31 8C 43 52 53 5F 0A 07 47 50 49 4C 70 53 50  I1.CRS_..GPILpSP
    1C10: 31 4F 47 50 49 30 70 53 50 31 4F 47 50 49 31 70  1OGPI0pSP1OGPI1p
    1C20: 0A 02 47 50 49 4C A0 42 04 49 4F 48 42 8B 43 52  ..GPIL.B.IOHB.CR
    1C30: 53 5F 0A 0A 47 50 33 30 8B 43 52 53 5F 0A 0C 47  S_..GP30.CRS_..G
    1C40: 50 33 31 8C 43 52 53 5F 0A 0F 47 50 4C 33 70 49  P31.CRS_..GPL3pI
    1C50: 4F 48 42 47 50 33 30 70 49 4F 48 42 47 50 33 31  OHBGP30pIOHBGP31
    1C60: 70 49 4F 48 4C 47 50 4C 33 8B 43 52 53 5F 0A 12  pIOHLGPL3.CRS_..
    1C70: 47 50 34 30 8B 43 52 53 5F 0A 14 47 50 34 31 8C  GP40.CRS_..GP41.
    1C80: 43 52 53 5F 0A 17 47 50 4C 34 45 4E 46 47 01 A0  CRS_..GPL4ENFG..
    1C90: 43 04 41 43 54 52 79 49 4F 41 48 0A 08 60 7D 49  C.ACTRyIOAH..`}I
    1CA0: 4F 41 4C 60 60 74 82 60 00 01 61 79 01 61 61 A0  OAL``t.`..ay.aa.
    1CB0: 09 7B 4F 50 54 30 0A 02 00 A1 19 7D 60 0B 00 04  .{OPT0.....}`...
    1CC0: 47 50 34 30 7D 60 0B 00 04 47 50 34 31 70 61 47  GP40}`...GP41paG
    1CD0: 50 4C 34 45 58 46 47 A4 43 52 53 5F 08 44 43 41  PL4EXFG.CRS_.DCA
    1CE0: 54 12 2A 15 0A 02 0A 03 01 00 0A FF 0A FF 0A FF  T.*.............
    1CF0: 0A FF 0A FF 0A FF 0A 05 0A FF 0A FF 0A FF 0A FF  ................
    1D00: 0A FF 0A FF 0A FF 0A FF 0A FF 0A FF 5B 01 4D 55  ............[.MU
    1D10: 54 30 00 14 26 45 4E 46 47 01 5B 23 4D 55 54 30  T0..&ENFG.[#MUT0
    1D20: FF 0F 70 49 4F 43 45 49 4E 44 58 70 49 4F 43 45  ..pIOCEINDXpIOCE
    1D30: 49 4E 44 58 70 68 4C 44 4E 5F 14 15 45 58 46 47  INDXphLDN_..EXFG
    1D40: 00 70 49 4F 43 4C 49 4E 44 58 5B 27 4D 55 54 30  .pIOCLINDX['MUT0
    1D50: 14 1D 4C 50 54 4D 01 45 4E 46 47 43 47 4C 44 68  ..LPTM.ENFGCGLDh
    1D60: 7B 4F 50 54 30 0A 02 60 45 58 46 47 A4 60 14 2F  {OPT0..`EXFG.`./
    1D70: 55 48 49 44 01 A0 22 93 68 01 45 4E 46 47 43 47  UHID..".h.ENFGCG
    1D80: 4C 44 68 7B 4F 50 54 31 0A 38 60 45 58 46 47 A0  LDh{OPT1.8`EXFG.
    1D90: 08 60 A4 0C 41 D0 05 10 A4 0C 41 D0 05 01 5B 80  .`..A.....A...[.
    1DA0: 49 4F 49 44 01 53 50 31 4F 0A 02 5B 81 10 49 4F  IOID.SP1O..[..IO
    1DB0: 49 44 01 49 4E 44 58 08 44 41 54 41 08 5B 86 47  ID.INDX.DATA.[.G
    1DC0: 0A 49 4E 44 58 44 41 54 41 01 00 38 4C 44 4E 5F  .INDXDATA..8LDN_
    1DD0: 08 00 40 12 4F 50 32 43 08 00 18 41 43 54 52 08  ..@.OP2C...ACTR.
    1DE0: 00 48 17 49 4F 41 48 08 49 4F 41 4C 08 49 4F 48  .H.IOAH.IOAL.IOH
    1DF0: 32 08 49 4F 4C 32 08 00 40 06 49 4E 54 52 08 00  2.IOL2..@.INTR..
    1E00: 18 44 4D 43 48 08 00 48 35 52 47 45 30 08 52 47  .DMCH..H5RGE0.RG
    1E10: 45 31 08 52 47 45 32 08 52 47 45 33 08 52 47 45  E1.RGE2.RGE3.RGE
    1E20: 34 08 52 47 45 35 08 52 47 45 36 08 52 47 45 37  4.RGE5.RGE6.RGE7
    1E30: 08 00 40 04 4F 50 54 30 08 4F 50 54 31 08 4F 50  ..@.OPT0.OPT1.OP
    1E40: 54 32 08 4F 50 54 33 08 4F 50 54 34 08 4F 50 54  T2.OPT3.OPT4.OPT
    1E50: 35 08 4F 50 54 36 08 4F 50 54 37 08 4F 50 54 38  5.OPT6.OPT7.OPT8
    1E60: 08 4F 50 54 39 08 14 0F 43 47 4C 44 01 A4 83 88  .OPT9...CGLD....
    1E70: 44 43 41 54 68 00 14 4E 04 44 53 54 41 01 45 4E  DCATh..N.DSTA.EN
    1E80: 46 47 43 47 4C 44 68 70 41 43 54 52 60 45 58 46  FGCGLDhpACTR`EXF
    1E90: 47 A0 07 93 60 0A FF A4 00 7B 60 01 60 7D 49 4F  G...`....{`.`}IO
    1EA0: 53 54 79 60 68 00 49 4F 53 54 A0 05 60 A4 0A 0F  STy`h.IOST..`...
    1EB0: A1 14 A0 0E 7B 79 01 68 00 49 4F 53 54 00 A4 0A  ....{y.h.IOST...
    1EC0: 0D A1 03 A4 00 14 4F 04 44 43 4E 54 02 45 4E 46  ......O.DCNT.ENF
    1ED0: 47 43 47 4C 44 68 A0 1C 90 95 44 4D 43 48 0A 04  GCGLDh....DMCH..
    1EE0: 92 93 7B 44 4D 43 48 0A 03 61 00 52 44 4D 41 68  ..{DMCH..a.RDMAh
    1EF0: 69 75 61 70 69 41 43 54 52 79 49 4F 41 48 0A 08  iuapiACTRyIOAH..
    1F00: 61 7D 49 4F 41 4C 61 61 52 52 49 4F 68 69 61 0A  a}IOALaaRRIOhia.
    1F10: 08 45 58 46 47 08 43 52 53 31 11 13 0A 10 47 01  .EXFG.CRS1....G.
    1F20: 00 00 00 00 01 00 22 00 00 2A 00 00 79 00 8B 43  ......"..*..y..C
    1F30: 52 53 31 0A 09 49 52 51 4D 8C 43 52 53 31 0A 0C  RS1..IRQM.CRS1..
    1F40: 44 4D 41 4D 8B 43 52 53 31 0A 02 49 4F 31 31 8B  DMAM.CRS1..IO11.
    1F50: 43 52 53 31 0A 04 49 4F 31 32 8C 43 52 53 31 0A  CRS1..IO12.CRS1.
    1F60: 07 4C 45 4E 31 08 43 52 53 32 11 1B 0A 18 47 01  .LEN1.CRS2....G.
    1F70: 00 00 00 00 01 00 47 01 00 00 00 00 01 00 22 40  ......G......."@
    1F80: 00 2A 04 00 79 00 8B 43 52 53 32 0A 11 49 52 51  .*..y..CRS2..IRQ
    1F90: 45 8C 43 52 53 32 0A 14 44 4D 41 45 8B 43 52 53  E.CRS2..DMAE.CRS
    1FA0: 32 0A 02 49 4F 32 31 8B 43 52 53 32 0A 04 49 4F  2..IO21.CRS2..IO
    1FB0: 32 32 8C 43 52 53 32 0A 07 4C 45 4E 32 8B 43 52  22.CRS2..LEN2.CR
    1FC0: 53 32 0A 0A 49 4F 33 31 8B 43 52 53 32 0A 0C 49  S2..IO31.CRS2..I
    1FD0: 4F 33 32 8C 43 52 53 32 0A 0F 4C 45 4E 33 14 46  O32.CRS2..LEN3.F
    1FE0: 08 44 43 52 53 02 45 4E 46 47 43 47 4C 44 68 79  .DCRS.ENFGCGLDhy
    1FF0: 49 4F 41 48 0A 08 49 4F 31 31 7D 49 4F 41 4C 49  IOAH..IO11}IOALI
    2000: 4F 31 31 49 4F 31 31 70 49 4F 31 31 49 4F 31 32  O11IO11pIO11IO12
    2010: 74 82 49 4F 31 31 00 01 60 79 01 60 4C 45 4E 31  t.IO11..`y.`LEN1
    2020: A0 0F 49 4E 54 52 79 01 49 4E 54 52 49 52 51 4D  ..INTRy.INTRIRQM
    2030: A1 07 70 00 49 52 51 4D A0 12 91 94 44 4D 43 48  ..p.IRQM....DMCH
    2040: 0A 03 93 69 00 70 00 44 4D 41 4D A1 10 7B 44 4D  ...i.p.DMAM..{DM
    2050: 43 48 0A 03 61 79 01 61 44 4D 41 4D 45 58 46 47  CH..ay.aDMAMEXFG
    2060: A4 43 52 53 31 14 4F 0A 44 53 52 53 02 8B 68 0A  .CRS1.O.DSRS..h.
    2070: 09 49 52 51 4D 8C 68 0A 0C 44 4D 41 4D 8B 68 0A  .IRQM.h..DMAM.h.
    2080: 02 49 4F 31 31 45 4E 46 47 43 47 4C 44 69 79 49  .IO11ENFGCGLDiyI
    2090: 4F 41 48 0A 08 61 7D 49 4F 41 4C 61 61 52 52 49  OAH..a}IOALaaRRI
    20A0: 4F 69 00 61 0A 08 52 52 49 4F 69 01 49 4F 31 31  Oi.a..RRIOi.IO11
    20B0: 0A 08 7B 49 4F 31 31 0A FF 49 4F 41 4C 7A 49 4F  ..{IO11..IOALzIO
    20C0: 31 31 0A 08 49 4F 41 48 A0 12 49 52 51 4D 82 49  11..IOAH..IRQM.I
    20D0: 52 51 4D 60 74 60 01 49 4E 54 52 A1 07 70 00 49  RQM`t`.INTR..p.I
    20E0: 4E 54 52 A0 12 44 4D 41 4D 82 44 4D 41 4D 60 74  NTR..DMAM.DMAM`t
    20F0: 60 01 44 4D 43 48 A1 08 70 0A 04 44 4D 43 48 45  `.DMCH..p..DMCHE
    2100: 58 46 47 44 43 4E 54 69 01 70 69 62 A0 08 94 62  XFGDCNTi.pib...b
    2110: 00 74 62 01 62 08 50 4D 46 47 00 14 3F 53 49 4F  .tb.b.PMFG..?SIO
    2120: 53 01 70 0D 53 49 4F 53 00 5B 31 5E 2E 53 49 4F  S.p.SIOS.[1^.SIO
    2130: 31 45 4E 46 47 0A 0B A0 1E 93 68 01 70 0A 60 5E  1ENFG.....h.p.`^
    2140: 2E 53 49 4F 31 4F 50 54 37 70 0A 67 5E 2E 53 49  .SIO1OPT7p.g^.SI
    2150: 4F 31 4F 50 54 38 49 4F 4B 53 68 14 3E 53 49 4F  O1OPT8IOKSh.>SIO
    2160: 57 01 70 0D 53 49 4F 57 00 5B 31 5E 2E 53 49 4F  W.p.SIOW.[1^.SIO
    2170: 31 45 4E 46 47 0A 0A 70 0A 0A 5E 2E 53 49 4F 31  1ENFG..p..^.SIO1
    2180: 4C 44 4E 5F 70 00 5E 2E 53 49 4F 31 52 47 45 30  LDN_p.^.SIO1RGE0
    2190: 5E 2E 53 49 4F 31 45 58 46 47 14 0A 53 49 4F 48  ^.SIO1EXFG..SIOH
    21A0: 00 49 4F 4B 48 5B 82 48 06 50 53 32 4B 08 5F 48  .IOKH[.H.PS2K._H
    21B0: 49 44 0C 41 D0 03 03 08 5F 43 49 44 0C 41 D0 03  ID.A...._CID.A..
    21C0: 0B 14 08 5F 53 54 41 00 A4 00 08 5F 43 52 53 11  ..._STA...._CRS.
    21D0: 18 0A 15 47 01 60 00 60 00 00 01 47 01 64 00 64  ...G.`.`...G.d.d
    21E0: 00 00 01 22 02 00 79 00 08 5F 50 52 53 11 13 0A  ..."..y.._PRS...
    21F0: 10 31 00 4B 60 00 01 4B 64 00 01 22 02 00 38 79  .1.K`..Kd.."..8y
    2200: 00 14 0D 5F 50 53 57 01 70 68 5C 4B 42 46 47 10  ..._PSW.ph\KBFG.
    2210: 09 5C 00 08 4B 42 46 47 01 14 14 2E 50 53 32 4B  .\..KBFG....PS2K
    2220: 5F 50 52 57 00 A4 47 50 52 57 0A 1D 0A 03 5B 82  _PRW..GPRW....[.
    2230: 4C 08 50 53 32 4D 08 5F 48 49 44 0C 41 D0 0F 03  L.PS2M._HID.A...
    2240: 08 5F 43 49 44 0C 41 D0 0F 13 14 08 5F 53 54 41  ._CID.A....._STA
    2250: 00 A4 00 08 43 52 53 31 11 08 0A 05 22 00 10 79  ....CRS1...."..y
    2260: 00 08 43 52 53 32 11 18 0A 15 47 01 60 00 60 00  ..CRS2....G.`.`.
    2270: 00 01 47 01 64 00 64 00 00 01 22 00 10 79 00 14  ..G.d.d..."..y..
    2280: 1D 5F 43 52 53 00 A0 0F 7B 49 4F 53 54 0B 00 04  ._CRS...{IOST...
    2290: 00 A4 43 52 53 31 A1 06 A4 43 52 53 32 08 5F 50  ..CRS1...CRS2._P
    22A0: 52 53 11 0B 0A 08 31 00 22 00 10 38 79 00 14 0D  RS....1."..8y...
    22B0: 5F 50 53 57 01 70 68 5C 4D 53 46 47 10 09 5C 00  _PSW.ph\MSFG..\.
    22C0: 08 4D 53 46 47 01 14 14 2E 50 53 32 4D 5F 50 52  .MSFG....PS2M_PR
    22D0: 57 00 A4 47 50 52 57 0A 1D 0A 03 08 4B 42 46 47  W..GPRW.....KBFG
    22E0: 01 08 4D 53 46 47 01 5B 80 49 4F 4B 50 01 0A 60  ..MSFG.[.IOKP..`
    22F0: 0A 05 5B 81 12 49 4F 4B 50 01 4B 50 36 30 08 00  ..[..IOKP.KP60..
    2300: 18 4B 50 36 34 08 5B 80 4B 42 36 34 01 0A 64 01  .KP64.[.KB64..d.
    2310: 5B 81 0F 4B 42 36 34 01 00 01 4B 52 44 59 01 00  [..KB64...KRDY..
    2320: 06 14 4E 17 49 4F 4B 53 01 70 0D 49 4F 4B 53 00  ..N.IOKS.p.IOKS.
    2330: 5B 31 A2 05 4B 52 44 59 70 0A 60 4B 50 36 34 A2  [1..KRDYp.`KP64.
    2340: 05 4B 52 44 59 70 0A 47 4B 50 36 30 A2 05 4B 52  .KRDYp.GKP60..KR
    2350: 44 59 70 0A D4 4B 50 36 34 A2 05 4B 52 44 59 70  DYp..KP64..KRDYp
    2360: 0A F4 4B 50 36 30 70 0B 00 10 60 A2 0C 60 70 4B  ..KP60p...`..`pK
    2370: 50 36 30 61 74 60 01 60 5E 2E 53 49 4F 31 45 4E  P60at`.`^.SIO1EN
    2380: 46 47 0A 0A A0 44 08 93 68 01 A0 1C 4B 42 46 47  FG...D..h...KBFG
    2390: 7D 5E 2E 53 49 4F 31 4F 50 54 36 0A 10 5E 2E 53  }^.SIO1OPT6..^.S
    23A0: 49 4F 31 4F 50 54 36 A0 4B 04 4D 53 46 47 7D 5E  IO1OPT6.K.MSFG}^
    23B0: 2E 53 49 4F 31 4F 50 54 36 0A 20 5E 2E 53 49 4F  .SIO1OPT6. ^.SIO
    23C0: 31 4F 50 54 36 7B 5E 2E 53 49 4F 31 52 47 45 30  1OPT6{^.SIO1RGE0
    23D0: 0A ED 5E 2E 53 49 4F 31 52 47 45 30 7D 5E 2E 53  ..^.SIO1RGE0}^.S
    23E0: 49 4F 31 52 47 45 36 0A 80 5E 2E 53 49 4F 31 52  IO1RGE6..^.SIO1R
    23F0: 47 45 36 7D 5E 2E 53 49 4F 31 4F 50 54 32 01 5E  GE6}^.SIO1OPT2.^
    2400: 2E 53 49 4F 31 4F 50 54 32 A0 4F 06 93 68 0A 03  .SIO1OPT2.O..h..
    2410: A0 1C 4B 42 46 47 7D 5E 2E 53 49 4F 31 52 47 45  ..KBFG}^.SIO1RGE
    2420: 30 0A 41 5E 2E 53 49 4F 31 52 47 45 30 A0 4B 04  0.A^.SIO1RGE0.K.
    2430: 4D 53 46 47 7D 5E 2E 53 49 4F 31 52 47 45 30 0A  MSFG}^.SIO1RGE0.
    2440: 22 5E 2E 53 49 4F 31 52 47 45 30 7B 5E 2E 53 49  "^.SIO1RGE0{^.SI
    2450: 4F 31 52 47 45 30 0A ED 5E 2E 53 49 4F 31 52 47  O1RGE0..^.SIO1RG
    2460: 45 30 7D 5E 2E 53 49 4F 31 52 47 45 36 0A 80 5E  E0}^.SIO1RGE6..^
    2470: 2E 53 49 4F 31 52 47 45 36 A2 1C 5E 2E 53 49 4F  .SIO1RGE6..^.SIO
    2480: 31 4F 50 54 33 5B 21 0A 50 70 0A FF 5E 2E 53 49  1OPT3[!.Pp..^.SI
    2490: 4F 31 4F 50 54 33 5E 2E 53 49 4F 31 45 58 46 47  O1OPT3^.SIO1EXFG
    24A0: 14 3E 49 4F 4B 57 01 70 0D 49 4F 4B 57 00 5B 31  .>IOKW.p.IOKW.[1
    24B0: 5E 2E 53 49 4F 31 45 4E 46 47 0A 0A 70 0A 0A 5E  ^.SIO1ENFG..p..^
    24C0: 2E 53 49 4F 31 4C 44 4E 5F 70 00 5E 2E 53 49 4F  .SIO1LDN_p.^.SIO
    24D0: 31 52 47 45 30 5E 2E 53 49 4F 31 45 58 46 47 14  1RGE0^.SIO1EXFG.
    24E0: 1E 49 4F 4B 48 00 A0 17 7B 50 4D 46 47 0A 18 00  .IOKH...{PMFG...
    24F0: 86 50 53 32 4B 0A 02 86 50 53 32 4D 0A 02 5B 82  .PS2K...PS2M..[.
    2500: 42 20 46 44 43 5F 08 5F 48 49 44 0C 41 D0 07 00  B FDC_._HID.A...
    2510: 08 5F 46 44 45 12 0A 05 01 00 0A 02 0A 02 0A 02  ._FDE...........
    2520: 14 14 5F 53 54 41 00 A4 5E 5E 2E 53 49 4F 31 44  .._STA..^^.SIO1D
    2530: 53 54 41 0A 03 14 14 5F 44 49 53 00 5E 5E 2E 53  STA...._DIS.^^.S
    2540: 49 4F 31 44 43 4E 54 0A 03 00 14 48 0C 5F 43 52  IO1DCNT....H._CR
    2550: 53 00 5E 5E 2E 53 49 4F 31 44 43 52 53 0A 03 01  S.^^.SIO1DCRS...
    2560: 70 5E 5E 2E 53 49 4F 31 49 52 51 4D 5E 5E 2E 53  p^^.SIO1IRQM^^.S
    2570: 49 4F 31 49 52 51 45 70 5E 5E 2E 53 49 4F 31 44  IO1IRQEp^^.SIO1D
    2580: 4D 41 4D 5E 5E 2E 53 49 4F 31 44 4D 41 45 70 5E  MAM^^.SIO1DMAEp^
    2590: 5E 2E 53 49 4F 31 49 4F 31 31 5E 5E 2E 53 49 4F  ^.SIO1IO11^^.SIO
    25A0: 31 49 4F 32 31 70 5E 5E 2E 53 49 4F 31 49 4F 31  1IO21p^^.SIO1IO1
    25B0: 32 5E 5E 2E 53 49 4F 31 49 4F 32 32 70 0A 06 5E  2^^.SIO1IO22p..^
    25C0: 5E 2E 53 49 4F 31 4C 45 4E 32 72 5E 5E 2E 53 49  ^.SIO1LEN2r^^.SI
    25D0: 4F 31 49 4F 32 31 0A 07 5E 5E 2E 53 49 4F 31 49  O1IO21..^^.SIO1I
    25E0: 4F 33 31 70 5E 5E 2E 53 49 4F 31 49 4F 33 31 5E  O31p^^.SIO1IO31^
    25F0: 5E 2E 53 49 4F 31 49 4F 33 32 70 01 5E 5E 2E 53  ^.SIO1IO32p.^^.S
    2600: 49 4F 31 4C 45 4E 33 A4 5E 5E 2E 53 49 4F 31 43  IO1LEN3.^^.SIO1C
    2610: 52 53 32 08 5F 50 52 53 11 4D 04 0A 49 31 00 47  RS2._PRS.M..I1.G
    2620: 01 F0 03 F0 03 01 06 47 01 F7 03 F7 03 01 01 22  .......G......."
    2630: 40 00 2A 04 00 30 47 01 F0 03 F0 03 01 06 47 01  @.*..0G.......G.
    2640: F7 03 F7 03 01 01 22 F8 1C 2A 0C 00 30 47 01 70  ......"..*..0G.p
    2650: 03 70 03 01 06 47 01 77 03 77 03 01 01 22 F8 1C  .p...G.w.w..."..
    2660: 2A 0C 00 38 79 00 14 4B 09 5F 53 52 53 01 5E 5E  *..8y..K._SRS.^^
    2670: 2E 53 49 4F 31 44 53 52 53 68 0A 03 8B 68 0A 11  .SIO1DSRSh...h..
    2680: 49 52 51 45 8C 68 0A 14 44 4D 41 45 5E 5E 2E 53  IRQE.h..DMAE^^.S
    2690: 49 4F 31 45 4E 46 47 5E 5E 2E 53 49 4F 31 43 47  IO1ENFG^^.SIO1CG
    26A0: 4C 44 0A 03 A0 19 49 52 51 45 82 49 52 51 45 60  LD....IRQE.IRQE`
    26B0: 74 60 01 5E 5E 2E 53 49 4F 31 49 4E 54 52 A1 0E  t`.^^.SIO1INTR..
    26C0: 70 00 5E 5E 2E 53 49 4F 31 49 4E 54 52 A0 19 44  p.^^.SIO1INTR..D
    26D0: 4D 41 45 82 44 4D 41 45 60 74 60 01 5E 5E 2E 53  MAE.DMAE`t`.^^.S
    26E0: 49 4F 31 44 4D 43 48 A1 0F 70 0A 04 5E 5E 2E 53  IO1DMCH..p..^^.S
    26F0: 49 4F 31 44 4D 43 48 5E 5E 2E 53 49 4F 31 45 58  IO1DMCH^^.SIO1EX
    2700: 46 47 5B 82 4D 0C 55 41 52 31 08 5F 55 49 44 01  FG[.M.UAR1._UID.
    2710: 14 13 5F 48 49 44 00 A4 5E 5E 2E 53 49 4F 31 55  .._HID..^^.SIO1U
    2720: 48 49 44 00 14 16 5F 53 54 41 08 A0 0B 7B 49 4F  HID..._STA...{IO
    2730: 53 54 01 00 A4 0A 0F A1 03 A4 00 14 13 5F 44 49  ST..........._DI
    2740: 53 00 5E 5E 2E 53 49 4F 31 44 43 4E 54 00 00 14  S.^^.SIO1DCNT...
    2750: 14 5F 43 52 53 00 A4 5E 5E 2E 53 49 4F 31 44 43  ._CRS..^^.SIO1DC
    2760: 52 53 00 00 14 13 5F 53 52 53 01 5E 5E 2E 53 49  RS...._SRS.^^.SI
    2770: 4F 31 44 53 52 53 68 00 08 5F 50 52 53 11 43 05  O1DSRSh.._PRS.C.
    2780: 0A 4F 31 00 47 01 F8 03 F8 03 01 08 22 10 00 2A  .O1.G......."..*
    2790: 00 00 30 47 01 F8 03 F8 03 01 08 22 F8 1C 2A 00  ..0G......."..*.
    27A0: 00 30 47 01 F8 02 F8 02 01 08 22 F8 1C 2A 00 00  .0G......."..*..
    27B0: 30 47 01 E8 03 E8 03 01 08 22 F8 1C 2A 00 00 30  0G......."..*..0
    27C0: 47 01 E8 02 E8 02 01 08 22 F8 1C 2A 00 00 38 79  G......."..*..8y
    27D0: 00 14 14 2E 55 41 52 31 5F 50 52 57 00 A4 47 50  ....UAR1_PRW..GP
    27E0: 52 57 0A 08 0A 03 5B 82 47 29 4C 50 54 45 14 23  RW....[.G)LPTE.#
    27F0: 5F 48 49 44 00 A0 14 5E 5E 2E 53 49 4F 31 4C 50  _HID...^^.SIO1LP
    2800: 54 4D 0A 02 A4 0C 41 D0 04 01 A1 07 A4 0C 41 D0  TM....A.......A.
    2810: 04 00 14 14 5F 53 54 41 00 A4 5E 5E 2E 53 49 4F  ...._STA..^^.SIO
    2820: 31 44 53 54 41 0A 02 14 14 5F 44 49 53 00 5E 5E  1DSTA...._DIS.^^
    2830: 2E 53 49 4F 31 44 43 4E 54 0A 02 00 14 4A 0F 5F  .SIO1DCNT....J._
    2840: 43 52 53 00 5E 5E 2E 53 49 4F 31 44 43 52 53 0A  CRS.^^.SIO1DCRS.
    2850: 02 01 A0 46 0D 5E 5E 2E 53 49 4F 31 4C 50 54 4D  ...F.^^.SIO1LPTM
    2860: 0A 02 70 5E 5E 2E 53 49 4F 31 49 52 51 4D 5E 5E  ..p^^.SIO1IRQM^^
    2870: 2E 53 49 4F 31 49 52 51 45 70 5E 5E 2E 53 49 4F  .SIO1IRQEp^^.SIO
    2880: 31 44 4D 41 4D 5E 5E 2E 53 49 4F 31 44 4D 41 45  1DMAM^^.SIO1DMAE
    2890: 70 5E 5E 2E 53 49 4F 31 49 4F 31 31 5E 5E 2E 53  p^^.SIO1IO11^^.S
    28A0: 49 4F 31 49 4F 32 31 70 5E 5E 2E 53 49 4F 31 49  IO1IO21p^^.SIO1I
    28B0: 4F 31 32 5E 5E 2E 53 49 4F 31 49 4F 32 32 70 5E  O12^^.SIO1IO22p^
    28C0: 5E 2E 53 49 4F 31 4C 45 4E 31 5E 5E 2E 53 49 4F  ^.SIO1LEN1^^.SIO
    28D0: 31 4C 45 4E 32 72 5E 5E 2E 53 49 4F 31 49 4F 32  1LEN2r^^.SIO1IO2
    28E0: 31 0B 00 04 5E 5E 2E 53 49 4F 31 49 4F 33 31 70  1...^^.SIO1IO31p
    28F0: 5E 5E 2E 53 49 4F 31 49 4F 33 31 5E 5E 2E 53 49  ^^.SIO1IO31^^.SI
    2900: 4F 31 49 4F 33 32 70 5E 5E 2E 53 49 4F 31 4C 45  O1IO32p^^.SIO1LE
    2910: 4E 32 5E 5E 2E 53 49 4F 31 4C 45 4E 33 A4 5E 5E  N2^^.SIO1LEN3.^^
    2920: 2E 53 49 4F 31 43 52 53 32 A1 0D A4 5E 5E 2E 53  .SIO1CRS2...^^.S
    2930: 49 4F 31 43 52 53 31 14 14 5F 53 52 53 01 5E 5E  IO1CRS1.._SRS.^^
    2940: 2E 53 49 4F 31 44 53 52 53 68 0A 02 14 21 5F 50  .SIO1DSRSh...!_P
    2950: 52 53 00 A0 13 5E 5E 2E 53 49 4F 31 4C 50 54 4D  RS...^^.SIO1LPTM
    2960: 0A 02 A4 45 50 50 52 A1 06 A4 4C 50 50 52 08 4C  ...EPPR...LPPR.L
    2970: 50 50 52 11 4C 05 0A 58 31 00 47 01 78 03 78 03  PPR.L..X1.G.x.x.
    2980: 01 08 22 20 00 30 47 01 78 03 78 03 01 08 22 E0  .." .0G.x.x...".
    2990: 1C 30 47 01 78 02 78 02 01 08 22 E0 1C 30 47 01  .0G.x.x..."..0G.
    29A0: BC 03 BC 03 01 04 22 E0 1C 30 47 01 78 03 78 03  ......"..0G.x.x.
    29B0: 01 08 22 00 00 30 47 01 78 02 78 02 01 08 22 00  .."..0G.x.x...".
    29C0: 00 30 47 01 BC 03 BC 03 01 04 22 00 00 38 79 00  .0G......."..8y.
    29D0: 08 45 50 50 52 11 49 0A 0A A5 31 00 47 01 78 03  .EPPR.I...1.G.x.
    29E0: 78 03 01 08 47 01 78 07 78 07 01 08 22 20 00 2A  x...G.x.x..." .*
    29F0: 08 00 30 47 01 78 03 78 03 01 08 47 01 78 07 78  ..0G.x.x...G.x.x
    2A00: 07 01 08 22 E0 1C 2A 0A 00 30 47 01 78 02 78 02  ..."..*..0G.x.x.
    2A10: 01 08 47 01 78 06 78 06 01 08 22 E0 1C 2A 0A 00  ..G.x.x..."..*..
    2A20: 30 47 01 BC 03 BC 03 01 04 47 01 BC 07 BC 07 01  0G.......G......
    2A30: 04 22 E0 1C 2A 0A 00 30 47 01 78 03 78 03 01 08  ."..*..0G.x.x...
    2A40: 47 01 78 07 78 07 01 08 22 00 00 2A 0A 00 30 47  G.x.x..."..*..0G
    2A50: 01 78 02 78 02 01 08 47 01 78 06 78 06 01 08 22  .x.x...G.x.x..."
    2A60: 00 00 2A 0A 00 30 47 01 BC 03 BC 03 01 04 47 01  ..*..0G.......G.
    2A70: BC 07 BC 07 01 04 22 00 00 2A 0A 00 38 79 00 5B  ......"..*..8y.[
    2A80: 80 57 49 4E 32 01 0A 2E 0A 02 5B 81 10 57 49 4E  .WIN2.....[..WIN
    2A90: 32 01 49 4E 44 31 08 44 41 54 31 08 5B 86 45 06  2.IND1.DAT1.[.E.
    2AA0: 49 4E 44 31 44 41 54 31 01 00 38 4C 44 4E 31 08  IND1DAT1..8LDN1.
    2AB0: 00 48 0F 47 4C 4F 31 08 00 10 4D 46 50 31 08 00  .H.GLO1...MFP1..
    2AC0: 20 53 46 52 31 08 41 43 54 31 08 00 48 17 49 4F   SFR1.ACT1..H.IO
    2AD0: 48 31 08 49 4F 4C 31 08 00 40 07 49 4E 54 31 08  H1.IOL1..@.INT1.
    2AE0: 00 48 37 56 42 41 54 08 00 18 50 50 4F 35 08 00  .H7VBAT...PPO5..
    2AF0: 30 4D 53 4C 35 08 00 40 04 49 4F 52 35 08 44 41  0MSL5..@.IOR5.DA
    2B00: 52 35 08 14 14 45 4E 46 31 00 70 0A 87 49 4E 44  R5...ENF1.p..IND
    2B10: 31 70 0A 87 49 4E 44 31 14 0D 45 58 46 31 00 70  1p..IND1..EXF1.p
    2B20: 0A AA 49 4E 44 31 14 31 49 52 53 54 01 45 4E 46  ..IND1.1IRST.ENF
    2B30: 31 70 68 4C 44 4E 31 A0 09 41 43 54 31 70 0A 0F  1phLDN1..ACT1p..
    2B40: 60 A1 10 A0 09 49 4F 48 31 70 0A 0F 60 A1 04 70  `....IOH1p..`..p
    2B50: 00 60 45 58 46 31 A4 60 5B 82 4D 27 43 49 52 5F  .`EXF1.`[.M'CIR_
    2B60: 08 5F 48 49 44 0C 3A 8E 05 30 14 0D 5F 53 54 41  ._HID.:..0.._STA
    2B70: 00 A4 49 52 53 54 0A 06 14 28 5F 44 49 53 00 45  ..IRST...(_DIS.E
    2B80: 4E 46 31 70 0A 06 4C 44 4E 31 70 00 41 43 54 31  NF1p..LDN1p.ACT1
    2B90: 70 0A 0E 4C 44 4E 31 70 00 41 43 54 31 45 58 46  p..LDN1p.ACT1EXF
    2BA0: 31 14 2A 5F 43 52 53 00 08 42 55 46 31 11 19 0A  1.*_CRS..BUF1...
    2BB0: 16 47 00 40 02 40 02 00 10 23 08 00 11 47 00 50  .G.@.@...#...G.P
    2BC0: 02 50 02 00 10 79 00 A4 42 55 46 31 14 4C 11 5F  .P...y..BUF1.L._
    2BD0: 53 52 53 01 45 4E 46 31 70 0A 06 4C 44 4E 31 8C  SRS.ENF1p..LDN1.
    2BE0: 68 0A 02 49 4F 4C 41 8C 68 0A 03 49 4F 48 41 8B  h..IOLA.h..IOHA.
    2BF0: 68 0A 09 49 52 51 45 70 49 4F 4C 41 49 4F 4C 31  h..IRQEpIOLAIOL1
    2C00: 70 49 4F 48 41 49 4F 48 31 A0 12 49 52 51 45 82  pIOHAIOH1..IRQE.
    2C10: 49 52 51 45 60 74 60 01 49 4E 54 31 A1 07 70 00  IRQE`t`.INT1..p.
    2C20: 49 4E 54 31 70 01 41 43 54 31 70 47 4C 4F 31 60  INT1p.ACT1pGLO1`
    2C30: 7B 60 0A BC 60 7D 60 0A 41 60 70 60 47 4C 4F 31  {`..`}`.A`p`GLO1
    2C40: 70 0A 0F 4C 44 4E 31 70 50 50 4F 35 60 7D 60 0A  p..LDN1pPPO5`}`.
    2C50: 80 60 70 60 50 50 4F 35 70 0A 09 4C 44 4E 31 70  .`p`PPO5p..LDN1p
    2C60: 41 43 54 31 60 7D 60 0A 08 60 70 60 41 43 54 31  ACT1`}`..`p`ACT1
    2C70: 70 4D 53 4C 35 60 7B 60 0A 1F 60 70 60 4D 53 4C  pMSL5`{`..`p`MSL
    2C80: 35 70 49 4F 52 35 60 7B 60 0A 1F 60 7D 60 0A 60  5pIOR5`{`..`}`.`
    2C90: 60 70 60 49 4F 52 35 70 44 41 52 35 60 7D 60 0A  `p`IOR5pDAR5`}`.
    2CA0: 80 60 70 60 44 41 52 35 70 0A 0E 4C 44 4E 31 8C  .`p`DAR5p..LDN1.
    2CB0: 68 0A 0E 49 4F 4C 42 8C 68 0A 0F 49 4F 48 42 70  h..IOLB.h..IOHBp
    2CC0: 49 4F 4C 42 49 4F 4C 31 70 49 4F 48 42 49 4F 48  IOLBIOL1pIOHBIOH
    2CD0: 31 70 01 41 43 54 31 70 0A 0A 4C 44 4E 31 70 0A  1p.ACT1p..LDN1p.
    2CE0: 08 56 42 41 54 45 58 46 31 14 14 4E 43 41 50 00  .VBATEXF1..NCAP.
    2CF0: 70 0A 02 60 7D 0C 00 00 00 F0 60 60 A4 60 14 29  p..`}.....``.`.)
    2D00: 4E 52 58 4C 00 70 00 60 79 60 0A 08 60 7D 60 0A  NRXL.p.`y`..`}`.
    2D10: 80 60 79 60 0A 08 60 7D 60 0A F5 60 79 60 0A 08  .`y`..`}`..`y`..
    2D20: 60 7D 60 0A 09 60 A4 60 14 27 4E 4A 4B 50 00 45  `}`..`.`.'NJKP.E
    2D30: 4E 46 31 70 0A 09 4C 44 4E 31 70 44 41 52 35 60  NF1p..LDN1pDAR5`
    2D40: 7B 0A 60 60 60 7A 60 0A 05 60 45 58 46 31 A4 60  {.```z`..`EXF1.`
    2D50: 14 49 04 4E 54 58 50 01 45 4E 46 31 70 4D 46 50  .I.NTXP.ENF1pMFP
    2D60: 31 60 7B 60 0A E7 60 7B 68 0A 03 68 A0 09 93 68  1`{`..`{h..h...h
    2D70: 01 7D 60 0A 10 60 A1 19 A0 0A 93 68 0A 02 7D 60  .}`..`.....h..}`
    2D80: 0A 08 60 A1 0C A0 0A 93 68 0A 03 7D 60 0A 18 60  ..`.....h..}`..`
    2D90: 70 60 4D 46 50 31 45 58 46 31 14 3C 4E 4C 45 44  p`MFP1EXF1.<NLED
    2DA0: 00 45 4E 46 31 70 0A 09 4C 44 4E 31 70 44 41 52  .ENF1p..LDN1pDAR
    2DB0: 35 60 70 0A 0A 61 A2 1C 61 7B 0A 7F 60 44 41 52  5`p..a..a{..`DAR
    2DC0: 35 5B 22 0A 32 7D 0A 80 60 44 41 52 35 5B 22 0A  5[".2}..`DAR5[".
    2DD0: 32 76 61 45 58 46 31 5B 82 2B 50 49 43 5F 08 5F  2vaEXF1[.+PIC_._
    2DE0: 48 49 44 0B 41 D0 08 5F 43 52 53 11 18 0A 15 47  HID.A.._CRS....G
    2DF0: 01 20 00 20 00 00 02 47 01 A0 00 A0 00 00 02 22  . . ...G......."
    2E00: 04 00 79 00 5B 82 4E 04 44 4D 41 44 08 5F 48 49  ..y.[.N.DMAD._HI
    2E10: 44 0C 41 D0 02 00 08 5F 43 52 53 11 38 0A 35 2A  D.A...._CRS.8.5*
    2E20: 10 04 47 01 00 00 00 00 00 10 47 01 81 00 81 00  ..G.......G.....
    2E30: 00 03 47 01 87 00 87 00 00 01 47 01 89 00 89 00  ..G.......G.....
    2E40: 00 03 47 01 8F 00 8F 00 00 01 47 01 C0 00 C0 00  ..G.......G.....
    2E50: 00 20 79 00 5B 82 25 54 4D 52 5F 08 5F 48 49 44  . y.[.%TMR_._HID
    2E60: 0C 41 D0 01 00 08 5F 43 52 53 11 10 0A 0D 47 01  .A...._CRS....G.
    2E70: 40 00 40 00 00 04 22 01 00 79 00 5B 82 25 52 54  @.@..."..y.[.%RT
    2E80: 43 30 08 5F 48 49 44 0C 41 D0 0B 00 08 5F 43 52  C0._HID.A...._CR
    2E90: 53 11 10 0A 0D 47 01 70 00 70 00 00 02 22 00 01  S....G.p.p..."..
    2EA0: 79 00 5B 82 22 53 50 4B 52 08 5F 48 49 44 0C 41  y.[."SPKR._HID.A
    2EB0: D0 08 00 08 5F 43 52 53 11 0D 0A 0A 47 01 61 00  ...._CRS....G.a.
    2EC0: 61 00 00 01 79 00 5B 82 4D 11 52 4D 53 43 08 5F  a...y.[.M.RMSC._
    2ED0: 48 49 44 0C 41 D0 0C 02 08 5F 55 49 44 0A 10 08  HID.A...._UID...
    2EE0: 43 52 53 31 11 46 07 0A 72 47 01 10 00 10 00 00  CRS1.F..rG......
    2EF0: 10 47 01 22 00 22 00 00 1E 47 01 44 00 44 00 00  .G."."...G.D.D..
    2F00: 1C 47 01 62 00 62 00 00 02 47 01 65 00 65 00 00  .G.b.b...G.e.e..
    2F10: 0B 47 01 72 00 72 00 00 0E 47 01 80 00 80 00 00  .G.r.r...G......
    2F20: 01 47 01 84 00 84 00 00 03 47 01 88 00 88 00 00  .G.......G......
    2F30: 01 47 01 8C 00 8C 00 00 03 47 01 90 00 90 00 00  .G.......G......
    2F40: 10 47 01 A2 00 A2 00 00 1E 47 01 E0 00 E0 00 00  .G.......G......
    2F50: 10 47 01 D0 04 D0 04 00 02 79 00 08 43 52 53 32  .G.......y..CRS2
    2F60: 11 46 06 0A 62 47 01 10 00 10 00 00 10 47 01 22  .F..bG.......G."
    2F70: 00 22 00 00 1E 47 01 44 00 44 00 00 1C 47 01 72  ."...G.D.D...G.r
    2F80: 00 72 00 00 0E 47 01 80 00 80 00 00 01 47 01 84  .r...G.......G..
    2F90: 00 84 00 00 03 47 01 88 00 88 00 00 01 47 01 8C  .....G.......G..
    2FA0: 00 8C 00 00 03 47 01 90 00 90 00 00 10 47 01 A2  .....G.......G..
    2FB0: 00 A2 00 00 1E 47 01 E0 00 E0 00 00 10 47 01 D0  .....G.......G..
    2FC0: 04 D0 04 00 02 79 00 14 1D 5F 43 52 53 00 A0 0F  .....y..._CRS...
    2FD0: 7B 4D 42 45 43 0B FF FF 00 A4 43 52 53 31 A1 06  {MBEC.....CRS1..
    2FE0: A4 43 52 53 32 5B 82 25 43 4F 50 52 08 5F 48 49  .CRS2[.%COPR._HI
    2FF0: 44 0C 41 D0 0C 04 08 5F 43 52 53 11 10 0A 0D 47  D.A...._CRS....G
    3000: 01 F0 00 F0 00 00 10 22 00 20 79 00 5B 82 40 CB  .......". y.[.@.
    3010: 53 41 54 30 08 5F 41 44 52 0C 02 00 1F 00 08 5E  SAT0._ADR......^
    3020: 4E 41 54 41 12 07 01 0C 02 00 1F 00 08 5C 46 5A  NATA.........\FZ
    3030: 54 46 11 0A 0A 07 00 00 00 00 00 00 F5 08 52 45  TF............RE
    3040: 47 46 01 14 12 5F 52 45 47 02 A0 0B 93 68 0A 02  GF..._REG....h..
    3050: 70 69 52 45 47 46 08 54 49 4D 30 12 48 05 08 12  piREGF.TIM0.H...
    3060: 0B 04 0A 78 0A B4 0A F0 0B 84 03 12 09 04 0A 23  ...x...........#
    3070: 0A 21 0A 10 00 12 09 04 0A 0B 0A 09 0A 04 00 12  .!..............
    3080: 0E 06 0A 78 0A 5A 0A 3C 0A 28 0A 1E 0A 14 12 0A  ...x.Z.<.(......
    3090: 06 00 01 0A 02 01 0A 02 01 12 08 06 00 00 00 01  ................
    30A0: 01 01 12 09 04 0A 04 0A 03 0A 02 00 12 07 04 0A  ................
    30B0: 02 01 00 00 08 54 4D 44 30 11 03 0A 14 8A 54 4D  .....TMD0.....TM
    30C0: 44 30 00 50 49 4F 30 8A 54 4D 44 30 0A 04 44 4D  D0.PIO0.TMD0..DM
    30D0: 41 30 8A 54 4D 44 30 0A 08 50 49 4F 31 8A 54 4D  A0.TMD0..PIO1.TM
    30E0: 44 30 0A 0C 44 4D 41 31 8A 54 4D 44 30 0A 10 43  D0..DMA1.TMD0..C
    30F0: 48 4E 46 5B 80 43 46 47 32 02 0A 40 0A 20 5B 81  HNF[.CFG2..@. [.
    3100: 48 0A 43 46 47 32 03 50 4D 50 54 04 50 53 50 54  H.CFG2.PMPT.PSPT
    3110: 04 50 4D 52 49 06 00 02 53 4D 50 54 04 53 53 50  .PMRI...SMPT.SSP
    3120: 54 04 53 4D 52 49 06 00 02 50 53 52 49 04 53 53  T.SMRI...PSRI.SS
    3130: 52 49 04 00 18 50 4D 33 45 01 50 53 33 45 01 53  RI...PM3E.PS3E.S
    3140: 4D 33 45 01 53 53 33 45 01 00 0C 50 4D 55 54 02  M3E.SS3E...PMUT.
    3150: 00 02 50 53 55 54 02 00 02 53 4D 55 54 02 00 02  ..PSUT...SMUT...
    3160: 53 53 55 54 02 00 02 00 40 04 50 4D 36 45 01 50  SSUT....@.PM6E.P
    3170: 53 36 45 01 53 4D 36 45 01 53 53 36 45 01 50 4D  S6E.SM6E.SS6E.PM
    3180: 43 52 01 50 53 43 52 01 53 4D 43 52 01 53 53 43  CR.PSCR.SMCR.SSC
    3190: 52 01 00 04 50 4D 41 45 01 50 53 41 45 01 53 4D  R...PMAE.PSAE.SM
    31A0: 41 45 01 53 53 41 45 01 08 47 4D 50 54 00 08 47  AE.SSAE..GMPT..G
    31B0: 4D 55 45 00 08 47 4D 55 54 00 08 47 4D 43 52 00  MUE..GMUT..GMCR.
    31C0: 08 47 53 50 54 00 08 47 53 55 45 00 08 47 53 55  .GSPT..GSUE..GSU
    31D0: 54 00 08 47 53 43 52 00 5B 82 4F 22 43 48 4E 30  T..GSCR.[.O"CHN0
    31E0: 08 5F 41 44 52 00 14 49 07 5F 47 54 4D 00 79 50  ._ADR..I._GTM.yP
    31F0: 53 43 52 01 61 7D 50 4D 43 52 61 60 79 50 4D 41  SCR.a}PMCRa`yPMA
    3200: 45 0A 02 63 79 50 4D 36 45 01 64 7D 63 64 63 7D  E..cyPM6E.d}cdc}
    3210: 50 4D 33 45 63 61 79 50 4D 50 54 0A 04 63 7D 61  PM3EcayPMPT..c}a
    3220: 63 61 79 50 53 41 45 0A 02 63 79 50 53 36 45 01  cayPSAE..cyPS6E.
    3230: 64 7D 63 64 63 7D 50 53 33 45 63 62 79 50 53 50  d}cdc}PS3EcbyPSP
    3240: 54 0A 04 63 7D 62 63 62 A4 47 54 4D 5F 50 4D 52  T..c}bcb.GTM_PMR
    3250: 49 61 50 4D 55 54 50 53 52 49 62 50 53 55 54 60  IaPMUTPSRIbPSUT`
    3260: 14 4E 16 5F 53 54 4D 03 70 68 5B 31 70 68 54 4D  .N._STM.ph[1phTM
    3270: 44 30 79 50 4D 41 45 0A 02 63 79 50 4D 36 45 01  D0yPMAE..cyPM6E.
    3280: 64 7D 63 64 63 7D 50 4D 33 45 63 60 79 50 4D 50  d}cdc}PM3Ec`yPMP
    3290: 54 0A 04 63 7D 60 63 60 79 50 53 41 45 0A 02 63  T..c}`c`yPSAE..c
    32A0: 79 50 53 36 45 01 64 7D 63 64 63 7D 50 53 33 45  yPS6E.d}cdc}PS3E
    32B0: 63 61 79 50 53 50 54 0A 04 63 7D 61 63 61 70 50  cayPSPT..c}acapP
    32C0: 4D 52 49 47 4D 50 54 70 60 47 4D 55 45 70 50 4D  MRIGMPTp`GMUEpPM
    32D0: 55 54 47 4D 55 54 70 50 4D 43 52 47 4D 43 52 70  UTGMUTpPMCRGMCRp
    32E0: 50 53 52 49 47 53 50 54 70 61 47 53 55 45 70 50  PSRIGSPTpaGSUEpP
    32F0: 53 55 54 47 53 55 54 70 50 53 43 52 47 53 43 52  SUTGSUTpPSCRGSCR
    3300: 53 54 4D 5F 70 47 4D 50 54 50 4D 52 49 70 47 4D  STM_pGMPTPMRIpGM
    3310: 55 45 60 70 47 4D 55 54 50 4D 55 54 70 47 4D 43  UE`pGMUTPMUTpGMC
    3320: 52 50 4D 43 52 70 47 53 55 45 61 70 47 53 55 54  RPMCRpGSUEapGSUT
    3330: 50 53 55 54 70 47 53 43 52 50 53 43 52 A0 0B 7B  PSUTpGSCRPSCR..{
    3340: 60 01 00 70 01 50 4D 33 45 A1 07 70 00 50 4D 33  `..p.PM3E..p.PM3
    3350: 45 A0 0C 7B 60 0A 02 00 70 01 50 4D 36 45 A1 07  E..{`...p.PM6E..
    3360: 70 00 50 4D 36 45 A0 0C 7B 60 0A 04 00 70 01 50  p.PM6E..{`...p.P
    3370: 4D 41 45 A1 07 70 00 50 4D 41 45 A0 0B 7B 61 01  MAE..p.PMAE..{a.
    3380: 00 70 01 50 53 33 45 A1 07 70 00 50 53 33 45 A0  .p.PS3E..p.PS3E.
    3390: 0C 7B 61 0A 02 00 70 01 50 53 36 45 A1 07 70 00  .{a...p.PS6E..p.
    33A0: 50 53 36 45 A0 0C 7B 61 0A 04 00 70 01 50 53 41  PS6E..{a...p.PSA
    33B0: 45 A1 07 70 00 50 53 41 45 70 47 54 46 5F 00 69  E..p.PSAEpGTF_.i
    33C0: 41 54 41 30 70 47 54 46 5F 01 6A 41 54 41 31 5B  ATA0pGTF_.jATA1[
    33D0: 82 1B 44 52 56 30 08 5F 41 44 52 00 14 0F 5F 47  ..DRV0._ADR..._G
    33E0: 54 46 00 A4 52 41 54 41 41 54 41 30 5B 82 1B 44  TF..RATAATA0[..D
    33F0: 52 56 31 08 5F 41 44 52 01 14 0F 5F 47 54 46 00  RV1._ADR..._GTF.
    3400: A4 52 41 54 41 41 54 41 31 5B 82 4F 22 43 48 4E  .RATAATA1[.O"CHN
    3410: 31 08 5F 41 44 52 01 14 49 07 5F 47 54 4D 00 79  1._ADR..I._GTM.y
    3420: 53 53 43 52 01 61 7D 53 4D 43 52 61 60 79 53 4D  SSCR.a}SMCRa`ySM
    3430: 41 45 0A 02 63 79 53 4D 36 45 01 64 7D 63 64 63  AE..cySM6E.d}cdc
    3440: 7D 53 4D 33 45 63 61 79 53 4D 50 54 0A 04 63 7D  }SM3EcaySMPT..c}
    3450: 61 63 61 79 53 53 41 45 0A 02 63 79 53 53 36 45  acaySSAE..cySS6E
    3460: 01 64 7D 63 64 63 7D 53 53 33 45 63 62 79 53 53  .d}cdc}SS3EcbySS
    3470: 50 54 0A 04 63 7D 62 63 62 A4 47 54 4D 5F 53 4D  PT..c}bcb.GTM_SM
    3480: 52 49 61 53 4D 55 54 53 53 52 49 62 53 53 55 54  RIaSMUTSSRIbSSUT
    3490: 60 14 4E 16 5F 53 54 4D 03 70 68 5B 31 70 68 54  `.N._STM.ph[1phT
    34A0: 4D 44 30 79 53 4D 41 45 0A 02 63 79 53 4D 36 45  MD0ySMAE..cySM6E
    34B0: 01 64 7D 63 64 63 7D 53 4D 33 45 63 60 79 53 4D  .d}cdc}SM3Ec`ySM
    34C0: 50 54 0A 04 63 7D 60 63 60 79 53 53 41 45 0A 02  PT..c}`c`ySSAE..
    34D0: 63 79 53 53 36 45 01 64 7D 63 64 63 7D 53 53 33  cySS6E.d}cdc}SS3
    34E0: 45 63 61 79 53 53 50 54 0A 04 63 7D 61 63 61 70  EcaySSPT..c}acap
    34F0: 53 4D 52 49 47 4D 50 54 70 60 47 4D 55 45 70 53  SMRIGMPTp`GMUEpS
    3500: 4D 55 54 47 4D 55 54 70 53 4D 43 52 47 4D 43 52  MUTGMUTpSMCRGMCR
    3510: 70 53 53 52 49 47 53 50 54 70 61 47 53 55 45 70  pSSRIGSPTpaGSUEp
    3520: 53 53 55 54 47 53 55 54 70 53 53 43 52 47 53 43  SSUTGSUTpSSCRGSC
    3530: 52 53 54 4D 5F 70 47 4D 50 54 53 4D 52 49 70 47  RSTM_pGMPTSMRIpG
    3540: 4D 55 45 60 70 47 4D 55 54 53 4D 55 54 70 47 4D  MUE`pGMUTSMUTpGM
    3550: 43 52 53 4D 43 52 70 47 53 55 45 61 70 47 53 55  CRSMCRpGSUEapGSU
    3560: 54 53 53 55 54 70 47 53 43 52 53 53 43 52 A0 0B  TSSUTpGSCRSSCR..
    3570: 7B 60 01 00 70 01 53 4D 33 45 A1 07 70 00 53 4D  {`..p.SM3E..p.SM
    3580: 33 45 A0 0C 7B 60 0A 02 00 70 01 53 4D 36 45 A1  3E..{`...p.SM6E.
    3590: 07 70 00 53 4D 36 45 A0 0C 7B 60 0A 04 00 70 01  .p.SM6E..{`...p.
    35A0: 53 4D 41 45 A1 07 70 00 53 4D 41 45 A0 0B 7B 61  SMAE..p.SMAE..{a
    35B0: 01 00 70 01 53 53 33 45 A1 07 70 00 53 53 33 45  ..p.SS3E..p.SS3E
    35C0: A0 0C 7B 61 0A 02 00 70 01 53 53 36 45 A1 07 70  ..{a...p.SS6E..p
    35D0: 00 53 53 36 45 A0 0C 7B 61 0A 04 00 70 01 53 53  .SS6E..{a...p.SS
    35E0: 41 45 A1 07 70 00 53 53 41 45 70 47 54 46 5F 00  AE..p.SSAEpGTF_.
    35F0: 69 41 54 41 32 70 47 54 46 5F 01 6A 41 54 41 33  iATA2pGTF_.jATA3
    3600: 5B 82 1B 44 52 56 30 08 5F 41 44 52 00 14 0F 5F  [..DRV0._ADR..._
    3610: 47 54 46 00 A4 52 41 54 41 41 54 41 32 5B 82 1B  GTF..RATAATA2[..
    3620: 44 52 56 31 08 5F 41 44 52 01 14 0F 5F 47 54 46  DRV1._ADR..._GTF
    3630: 00 A4 52 41 54 41 41 54 41 33 14 45 13 47 54 4D  ..RATAATA3.E.GTM
    3640: 5F 0F 70 FF 50 49 4F 30 70 FF 50 49 4F 31 70 FF  _.p.PIO0p.PIO1p.
    3650: 44 4D 41 30 70 FF 44 4D 41 31 70 0A 10 43 48 4E  DMA0p.DMA1p..CHN
    3660: 46 A0 05 52 45 47 46 A1 06 A4 54 4D 44 30 A0 11  F..REGF...TMD0..
    3670: 7B 69 0A 20 00 7D 43 48 4E 46 0A 02 43 48 4E 46  {i. .}CHNF..CHNF
    3680: 70 89 83 88 54 49 4D 30 01 00 01 68 00 00 00 66  p...TIM0...h...f
    3690: 70 83 88 83 88 54 49 4D 30 00 00 66 00 67 70 67  p....TIM0..f.gpg
    36A0: 44 4D 41 30 70 67 50 49 4F 30 A0 11 7B 6C 0A 20  DMA0pgPIO0..{l. 
    36B0: 00 7D 43 48 4E 46 0A 08 43 48 4E 46 70 89 83 88  .}CHNF..CHNFp...
    36C0: 54 49 4D 30 0A 02 00 01 6B 00 00 00 66 70 83 88  TIM0....k...fp..
    36D0: 83 88 54 49 4D 30 00 00 66 00 67 70 67 44 4D 41  ..TIM0..f.gpgDMA
    36E0: 31 70 67 50 49 4F 31 A0 3D 7B 69 0A 07 00 70 6A  1pgPIO1.={i...pj
    36F0: 65 A0 0B 7B 69 0A 02 00 72 65 0A 02 65 A0 0B 7B  e..{i...re..e..{
    3700: 69 0A 04 00 72 65 0A 04 65 70 83 88 83 88 54 49  i...re..ep....TI
    3710: 4D 30 0A 03 00 65 00 44 4D 41 30 7D 43 48 4E 46  M0...e.DMA0}CHNF
    3720: 01 43 48 4E 46 A0 3E 7B 6C 0A 07 00 70 6D 65 A0  .CHNF.>{l...pme.
    3730: 0B 7B 6C 0A 02 00 72 65 0A 02 65 A0 0B 7B 6C 0A  .{l...re..e..{l.
    3740: 04 00 72 65 0A 04 65 70 83 88 83 88 54 49 4D 30  ..re..ep....TIM0
    3750: 0A 03 00 65 00 44 4D 41 31 7D 43 48 4E 46 0A 04  ...e.DMA1}CHNF..
    3760: 43 48 4E 46 70 54 4D 44 30 5B 31 A4 54 4D 44 30  CHNFpTMD0[1.TMD0
    3770: 14 44 21 53 54 4D 5F 08 A0 4C 20 52 45 47 46 70  .D!STM_..L REGFp
    3780: 00 47 4D 55 45 70 00 47 4D 55 54 70 00 47 53 55  .GMUEp.GMUTp.GSU
    3790: 45 70 00 47 53 55 54 A0 40 07 7B 43 48 4E 46 01  Ep.GSUT.@.{CHNF.
    37A0: 00 70 89 83 88 54 49 4D 30 0A 03 00 02 44 4D 41  .p...TIM0....DMA
    37B0: 30 00 00 00 60 A0 09 94 60 0A 05 70 0A 05 60 70  0...`...`..p..`p
    37C0: 83 88 83 88 54 49 4D 30 0A 04 00 60 00 47 4D 55  ....TIM0...`.GMU
    37D0: 54 7D 47 4D 55 45 01 47 4D 55 45 A0 10 94 60 0A  T}GMUE.GMUE...`.
    37E0: 02 7D 47 4D 55 45 0A 02 47 4D 55 45 A0 1B 94 60  .}GMUE..GMUE...`
    37F0: 0A 04 7B 47 4D 55 45 0A FD 47 4D 55 45 7D 47 4D  ..{GMUE..GMUE}GM
    3800: 55 45 0A 04 47 4D 55 45 A1 35 A0 33 7D 93 50 49  UE..GMUE.5.3}.PI
    3810: 4F 30 FF 93 50 49 4F 30 00 00 A0 23 7B 95 44 4D  O0..PIO0...#{.DM
    3820: 41 30 FF 94 44 4D 41 30 00 00 70 44 4D 41 30 50  A0..DMA0..pDMA0P
    3830: 49 4F 30 7D 47 4D 55 45 0A 80 47 4D 55 45 A0 41  IO0}GMUE..GMUE.A
    3840: 07 7B 43 48 4E 46 0A 04 00 70 89 83 88 54 49 4D  .{CHNF...p...TIM
    3850: 30 0A 03 00 02 44 4D 41 31 00 00 00 60 A0 09 94  0....DMA1...`...
    3860: 60 0A 05 70 0A 05 60 70 83 88 83 88 54 49 4D 30  `..p..`p....TIM0
    3870: 0A 04 00 60 00 47 53 55 54 7D 47 53 55 45 01 47  ...`.GSUT}GSUE.G
    3880: 53 55 45 A0 10 94 60 0A 02 7D 47 53 55 45 0A 02  SUE...`..}GSUE..
    3890: 47 53 55 45 A0 1B 94 60 0A 04 7B 47 53 55 45 0A  GSUE...`..{GSUE.
    38A0: FD 47 53 55 45 7D 47 53 55 45 0A 04 47 53 55 45  .GSUE}GSUE..GSUE
    38B0: A1 35 A0 33 7D 93 50 49 4F 31 FF 93 50 49 4F 31  .5.3}.PIO1..PIO1
    38C0: 00 00 A0 23 7B 95 44 4D 41 31 FF 94 44 4D 41 31  ...#{.DMA1..DMA1
    38D0: 00 00 70 44 4D 41 31 50 49 4F 31 7D 47 53 55 45  ..pDMA1PIO1}GSUE
    38E0: 0A 80 47 53 55 45 A0 14 7B 43 48 4E 46 0A 02 00  ..GSUE..{CHNF...
    38F0: 7D 47 4D 55 45 0A 20 47 4D 55 45 A0 14 7B 43 48  }GMUE. GMUE..{CH
    3900: 4E 46 0A 08 00 7D 47 53 55 45 0A 20 47 53 55 45  NF...}GSUE. GSUE
    3910: 7B 89 83 88 54 49 4D 30 00 00 04 50 49 4F 30 00  {...TIM0...PIO0.
    3920: 00 00 0A 03 60 70 83 88 83 88 54 49 4D 30 01 00  ....`p....TIM0..
    3930: 60 00 61 70 61 47 4D 50 54 A0 10 95 60 0A 03 7D  `.apaGMPT...`..}
    3940: 47 4D 55 45 0A 50 47 4D 55 45 7B 89 83 88 54 49  GMUE.PGMUE{...TI
    3950: 4D 30 00 00 04 50 49 4F 31 00 00 00 0A 03 60 70  M0...PIO1.....`p
    3960: 83 88 83 88 54 49 4D 30 0A 02 00 60 00 61 70 61  ....TIM0...`.apa
    3970: 47 53 50 54 A0 10 95 60 0A 03 7D 47 53 55 45 0A  GSPT...`..}GSUE.
    3980: 50 47 53 55 45 08 41 54 30 31 11 0A 0A 07 03 00  PGSUE.AT01......
    3990: 00 00 00 00 EF 08 41 54 30 32 11 0A 0A 07 00 00  ......AT02......
    39A0: 00 00 00 00 90 08 41 54 30 33 11 0A 0A 07 00 00  ......AT03......
    39B0: 00 00 00 00 C6 08 41 54 30 34 11 0A 0A 07 00 00  ......AT04......
    39C0: 00 00 00 00 91 08 41 54 41 30 11 03 0A 1D 08 41  ......ATA0.....A
    39D0: 54 41 31 11 03 0A 1D 08 41 54 41 32 11 03 0A 1D  TA1.....ATA2....
    39E0: 08 41 54 41 33 11 03 0A 1D 08 41 54 41 42 11 03  .ATA3.....ATAB..
    39F0: 0A 1D 8C 41 54 41 42 00 43 4D 44 43 14 4C 05 47  ...ATAB.CMDC.L.G
    3A00: 54 46 42 0B 77 43 4D 44 43 0A 38 60 72 60 0A 08  TFB.wCMDC.8`r`..
    3A10: 61 5B 13 41 54 41 42 61 0A 38 43 4D 44 58 77 43  a[.ATABa.8CMDXwC
    3A20: 4D 44 43 0A 07 60 8C 41 54 41 42 72 60 0A 02 00  MDC..`.ATABr`...
    3A30: 41 30 30 31 8C 41 54 41 42 72 60 0A 06 00 41 30  A001.ATABr`...A0
    3A40: 30 35 70 68 43 4D 44 58 70 69 41 30 30 31 70 6A  05phCMDXpiA001pj
    3A50: 41 30 30 35 75 43 4D 44 43 14 42 23 47 54 46 5F  A005uCMDC.B#GTF_
    3A60: 0A 70 69 5B 31 70 00 43 4D 44 43 08 49 44 34 39  .pi[1p.CMDC.ID49
    3A70: 0B 00 0C 08 49 44 35 39 00 08 49 44 35 33 0A 04  ....ID59..ID53..
    3A80: 08 49 44 36 33 0B 00 0F 08 49 44 38 38 0B 00 0F  .ID63....ID88...
    3A90: 08 49 52 44 59 01 08 50 49 4F 54 00 08 44 4D 41  .IRDY..PIOT..DMA
    3AA0: 54 00 A0 4D 05 93 87 69 0B 00 02 8B 69 0A 62 49  T..M...i....i.bI
    3AB0: 57 34 39 70 49 57 34 39 49 44 34 39 8B 69 0A 6A  W49pIW49ID49.i.j
    3AC0: 49 57 35 33 70 49 57 35 33 49 44 35 33 8B 69 0A  IW53pIW53ID53.i.
    3AD0: 7E 49 57 36 33 70 49 57 36 33 49 44 36 33 8B 69  ~IW63pIW63ID63.i
    3AE0: 0A 76 49 57 35 39 70 49 57 35 39 49 44 35 39 8B  .vIW59pIW59ID59.
    3AF0: 69 0A B0 49 57 38 38 70 49 57 38 38 49 44 38 38  i..IW88pIW88ID88
    3B00: 70 0A A0 67 A0 48 05 68 70 0A B0 67 7B 43 48 4E  p..g.H.hp..g{CHN
    3B10: 46 0A 08 49 52 44 59 A0 12 7B 43 48 4E 46 0A 10  F..IRDY..{CHNF..
    3B20: 00 70 50 49 4F 31 50 49 4F 54 A1 0A 70 50 49 4F  .pPIO1PIOT..pPIO
    3B30: 30 50 49 4F 54 A0 27 7B 43 48 4E 46 0A 04 00 A0  0PIOT.'{CHNF....
    3B40: 12 7B 43 48 4E 46 0A 10 00 70 44 4D 41 31 44 4D  .{CHNF...pDMA1DM
    3B50: 41 54 A1 0A 70 44 4D 41 30 44 4D 41 54 A1 27 7B  AT..pDMA0DMAT.'{
    3B60: 43 48 4E 46 0A 02 49 52 44 59 70 50 49 4F 30 50  CHNF..IRDYpPIO0P
    3B70: 49 4F 54 A0 11 7B 43 48 4E 46 01 00 70 44 4D 41  IOT..{CHNF..pDMA
    3B80: 30 44 4D 41 54 A0 45 04 90 90 7B 49 44 35 33 0A  0DMAT.E...{ID53.
    3B90: 04 00 7B 49 44 38 38 0B 00 FF 00 44 4D 41 54 70  ..{ID88....DMATp
    3BA0: 89 83 88 54 49 4D 30 0A 03 00 02 44 4D 41 54 00  ...TIM0....DMAT.
    3BB0: 00 00 61 A0 09 94 61 0A 05 70 0A 05 61 47 54 46  ..a...a..p..aGTF
    3BC0: 42 41 54 30 31 7D 0A 40 61 00 67 A1 42 04 A0 3F  BAT01}.@a.g.B..?
    3BD0: 90 7B 49 44 36 33 0B 00 FF 00 50 49 4F 54 7B 89  .{ID63....PIOT{.
    3BE0: 83 88 54 49 4D 30 00 00 04 50 49 4F 54 00 00 00  ..TIM0...PIOT...
    3BF0: 0A 03 60 7D 0A 20 83 88 83 88 54 49 4D 30 0A 07  ..`}. ....TIM0..
    3C00: 00 60 00 61 47 54 46 42 41 54 30 31 61 67 A0 35  .`.aGTFBAT01ag.5
    3C10: 49 52 44 59 7B 89 83 88 54 49 4D 30 00 00 04 50  IRDY{...TIM0...P
    3C20: 49 4F 54 00 00 00 0A 03 60 7D 0A 08 83 88 83 88  IOT.....`}......
    3C30: 54 49 4D 30 0A 06 00 60 00 61 47 54 46 42 41 54  TIM0...`.aGTFBAT
    3C40: 30 31 61 67 A1 16 A0 14 7B 49 44 34 39 0B 00 04  01ag....{ID49...
    3C50: 00 47 54 46 42 41 54 30 31 01 67 A0 24 90 7B 49  .GTFBAT01.g.$.{I
    3C60: 44 35 39 0B 00 01 00 7B 49 44 35 39 0A FF 00 47  D59....{ID59...G
    3C70: 54 46 42 41 54 30 33 7B 49 44 35 39 0A FF 00 67  TFBAT03{ID59...g
    3C80: 70 41 54 41 42 5B 31 A4 41 54 41 42 14 31 52 41  pATAB[1.ATAB.1RA
    3C90: 54 41 01 8C 68 00 43 4D 44 4E 77 43 4D 44 4E 0A  TA..h.CMDNwCMDN.
    3CA0: 38 60 5B 13 68 0A 08 60 52 45 54 42 70 52 45 54  8`[.h..`RETBpRET
    3CB0: 42 5B 31 A4 73 52 45 54 42 46 5A 54 46 00 5B 82  B[1.sRETBFZTF.[.
    3CC0: 41 C9 53 41 54 31 08 5F 41 44 52 0C 05 00 1F 00  A.SAT1._ADR.....
    3CD0: 08 52 45 47 46 01 14 12 5F 52 45 47 02 A0 0B 93  .REGF..._REG....
    3CE0: 68 0A 02 70 69 52 45 47 46 08 54 49 4D 30 12 48  h..piREGF.TIM0.H
    3CF0: 05 08 12 0B 04 0A 78 0A B4 0A F0 0B 84 03 12 09  ......x.........
    3D00: 04 0A 23 0A 21 0A 10 00 12 09 04 0A 0B 0A 09 0A  ..#.!...........
    3D10: 04 00 12 0E 06 0A 78 0A 5A 0A 3C 0A 28 0A 1E 0A  ......x.Z.<.(...
    3D20: 14 12 0A 06 00 01 0A 02 01 0A 02 01 12 08 06 00  ................
    3D30: 00 00 01 01 01 12 09 04 0A 04 0A 03 0A 02 00 12  ................
    3D40: 07 04 0A 02 01 00 00 08 54 4D 44 30 11 03 0A 14  ........TMD0....
    3D50: 8A 54 4D 44 30 00 50 49 4F 30 8A 54 4D 44 30 0A  .TMD0.PIO0.TMD0.
    3D60: 04 44 4D 41 30 8A 54 4D 44 30 0A 08 50 49 4F 31  .DMA0.TMD0..PIO1
    3D70: 8A 54 4D 44 30 0A 0C 44 4D 41 31 8A 54 4D 44 30  .TMD0..DMA1.TMD0
    3D80: 0A 10 43 48 4E 46 5B 80 43 46 47 32 02 0A 40 0A  ..CHNF[.CFG2..@.
    3D90: 20 5B 81 48 0A 43 46 47 32 03 50 4D 50 54 04 50   [.H.CFG2.PMPT.P
    3DA0: 53 50 54 04 50 4D 52 49 06 00 02 53 4D 50 54 04  SPT.PMRI...SMPT.
    3DB0: 53 53 50 54 04 53 4D 52 49 06 00 02 50 53 52 49  SSPT.SMRI...PSRI
    3DC0: 04 53 53 52 49 04 00 18 50 4D 33 45 01 50 53 33  .SSRI...PM3E.PS3
    3DD0: 45 01 53 4D 33 45 01 53 53 33 45 01 00 0C 50 4D  E.SM3E.SS3E...PM
    3DE0: 55 54 02 00 02 50 53 55 54 02 00 02 53 4D 55 54  UT...PSUT...SMUT
    3DF0: 02 00 02 53 53 55 54 02 00 02 00 40 04 50 4D 36  ...SSUT....@.PM6
    3E00: 45 01 50 53 36 45 01 53 4D 36 45 01 53 53 36 45  E.PS6E.SM6E.SS6E
    3E10: 01 50 4D 43 52 01 50 53 43 52 01 53 4D 43 52 01  .PMCR.PSCR.SMCR.
    3E20: 53 53 43 52 01 00 04 50 4D 41 45 01 50 53 41 45  SSCR...PMAE.PSAE
    3E30: 01 53 4D 41 45 01 53 53 41 45 01 08 47 4D 50 54  .SMAE.SSAE..GMPT
    3E40: 00 08 47 4D 55 45 00 08 47 4D 55 54 00 08 47 4D  ..GMUE..GMUT..GM
    3E50: 43 52 00 08 47 53 50 54 00 08 47 53 55 45 00 08  CR..GSPT..GSUE..
    3E60: 47 53 55 54 00 08 47 53 43 52 00 5B 82 4F 22 43  GSUT..GSCR.[.O"C
    3E70: 48 4E 30 08 5F 41 44 52 00 14 49 07 5F 47 54 4D  HN0._ADR..I._GTM
    3E80: 00 79 50 53 43 52 01 61 7D 50 4D 43 52 61 60 79  .yPSCR.a}PMCRa`y
    3E90: 50 4D 41 45 0A 02 63 79 50 4D 36 45 01 64 7D 63  PMAE..cyPM6E.d}c
    3EA0: 64 63 7D 50 4D 33 45 63 61 79 50 4D 50 54 0A 04  dc}PM3EcayPMPT..
    3EB0: 63 7D 61 63 61 79 50 53 41 45 0A 02 63 79 50 53  c}acayPSAE..cyPS
    3EC0: 36 45 01 64 7D 63 64 63 7D 50 53 33 45 63 62 79  6E.d}cdc}PS3Ecby
    3ED0: 50 53 50 54 0A 04 63 7D 62 63 62 A4 47 54 4D 5F  PSPT..c}bcb.GTM_
    3EE0: 50 4D 52 49 61 50 4D 55 54 50 53 52 49 62 50 53  PMRIaPMUTPSRIbPS
    3EF0: 55 54 60 14 4E 16 5F 53 54 4D 03 70 68 5B 31 70  UT`.N._STM.ph[1p
    3F00: 68 54 4D 44 30 79 50 4D 41 45 0A 02 63 79 50 4D  hTMD0yPMAE..cyPM
    3F10: 36 45 01 64 7D 63 64 63 7D 50 4D 33 45 63 60 79  6E.d}cdc}PM3Ec`y
    3F20: 50 4D 50 54 0A 04 63 7D 60 63 60 79 50 53 41 45  PMPT..c}`c`yPSAE
    3F30: 0A 02 63 79 50 53 36 45 01 64 7D 63 64 63 7D 50  ..cyPS6E.d}cdc}P
    3F40: 53 33 45 63 61 79 50 53 50 54 0A 04 63 7D 61 63  S3EcayPSPT..c}ac
    3F50: 61 70 50 4D 52 49 47 4D 50 54 70 60 47 4D 55 45  apPMRIGMPTp`GMUE
    3F60: 70 50 4D 55 54 47 4D 55 54 70 50 4D 43 52 47 4D  pPMUTGMUTpPMCRGM
    3F70: 43 52 70 50 53 52 49 47 53 50 54 70 61 47 53 55  CRpPSRIGSPTpaGSU
    3F80: 45 70 50 53 55 54 47 53 55 54 70 50 53 43 52 47  EpPSUTGSUTpPSCRG
    3F90: 53 43 52 53 54 4D 5F 70 47 4D 50 54 50 4D 52 49  SCRSTM_pGMPTPMRI
    3FA0: 70 47 4D 55 45 60 70 47 4D 55 54 50 4D 55 54 70  pGMUE`pGMUTPMUTp
    3FB0: 47 4D 43 52 50 4D 43 52 70 47 53 55 45 61 70 47  GMCRPMCRpGSUEapG
    3FC0: 53 55 54 50 53 55 54 70 47 53 43 52 50 53 43 52  SUTPSUTpGSCRPSCR
    3FD0: A0 0B 7B 60 01 00 70 01 50 4D 33 45 A1 07 70 00  ..{`..p.PM3E..p.
    3FE0: 50 4D 33 45 A0 0C 7B 60 0A 02 00 70 01 50 4D 36  PM3E..{`...p.PM6
    3FF0: 45 A1 07 70 00 50 4D 36 45 A0 0C 7B 60 0A 04 00  E..p.PM6E..{`...
    4000: 70 01 50 4D 41 45 A1 07 70 00 50 4D 41 45 A0 0B  p.PMAE..p.PMAE..
    4010: 7B 61 01 00 70 01 50 53 33 45 A1 07 70 00 50 53  {a..p.PS3E..p.PS
    4020: 33 45 A0 0C 7B 61 0A 02 00 70 01 50 53 36 45 A1  3E..{a...p.PS6E.
    4030: 07 70 00 50 53 36 45 A0 0C 7B 61 0A 04 00 70 01  .p.PS6E..{a...p.
    4040: 50 53 41 45 A1 07 70 00 50 53 41 45 70 47 54 46  PSAE..p.PSAEpGTF
    4050: 5F 00 69 41 54 41 30 70 47 54 46 5F 01 6A 41 54  _.iATA0pGTF_.jAT
    4060: 41 31 5B 82 1B 44 52 56 30 08 5F 41 44 52 00 14  A1[..DRV0._ADR..
    4070: 0F 5F 47 54 46 00 A4 52 41 54 41 41 54 41 30 5B  ._GTF..RATAATA0[
    4080: 82 1B 44 52 56 31 08 5F 41 44 52 01 14 0F 5F 47  ..DRV1._ADR..._G
    4090: 54 46 00 A4 52 41 54 41 41 54 41 31 5B 82 4F 22  TF..RATAATA1[.O"
    40A0: 43 48 4E 31 08 5F 41 44 52 01 14 49 07 5F 47 54  CHN1._ADR..I._GT
    40B0: 4D 00 79 53 53 43 52 01 61 7D 53 4D 43 52 61 60  M.ySSCR.a}SMCRa`
    40C0: 79 53 4D 41 45 0A 02 63 79 53 4D 36 45 01 64 7D  ySMAE..cySM6E.d}
    40D0: 63 64 63 7D 53 4D 33 45 63 61 79 53 4D 50 54 0A  cdc}SM3EcaySMPT.
    40E0: 04 63 7D 61 63 61 79 53 53 41 45 0A 02 63 79 53  .c}acaySSAE..cyS
    40F0: 53 36 45 01 64 7D 63 64 63 7D 53 53 33 45 63 62  S6E.d}cdc}SS3Ecb
    4100: 79 53 53 50 54 0A 04 63 7D 62 63 62 A4 47 54 4D  ySSPT..c}bcb.GTM
    4110: 5F 53 4D 52 49 61 53 4D 55 54 53 53 52 49 62 53  _SMRIaSMUTSSRIbS
    4120: 53 55 54 60 14 4E 16 5F 53 54 4D 03 70 68 5B 31  SUT`.N._STM.ph[1
    4130: 70 68 54 4D 44 30 79 53 4D 41 45 0A 02 63 79 53  phTMD0ySMAE..cyS
    4140: 4D 36 45 01 64 7D 63 64 63 7D 53 4D 33 45 63 60  M6E.d}cdc}SM3Ec`
    4150: 79 53 4D 50 54 0A 04 63 7D 60 63 60 79 53 53 41  ySMPT..c}`c`ySSA
    4160: 45 0A 02 63 79 53 53 36 45 01 64 7D 63 64 63 7D  E..cySS6E.d}cdc}
    4170: 53 53 33 45 63 61 79 53 53 50 54 0A 04 63 7D 61  SS3EcaySSPT..c}a
    4180: 63 61 70 53 4D 52 49 47 4D 50 54 70 60 47 4D 55  capSMRIGMPTp`GMU
    4190: 45 70 53 4D 55 54 47 4D 55 54 70 53 4D 43 52 47  EpSMUTGMUTpSMCRG
    41A0: 4D 43 52 70 53 53 52 49 47 53 50 54 70 61 47 53  MCRpSSRIGSPTpaGS
    41B0: 55 45 70 53 53 55 54 47 53 55 54 70 53 53 43 52  UEpSSUTGSUTpSSCR
    41C0: 47 53 43 52 53 54 4D 5F 70 47 4D 50 54 53 4D 52  GSCRSTM_pGMPTSMR
    41D0: 49 70 47 4D 55 45 60 70 47 4D 55 54 53 4D 55 54  IpGMUE`pGMUTSMUT
    41E0: 70 47 4D 43 52 53 4D 43 52 70 47 53 55 45 61 70  pGMCRSMCRpGSUEap
    41F0: 47 53 55 54 53 53 55 54 70 47 53 43 52 53 53 43  GSUTSSUTpGSCRSSC
    4200: 52 A0 0B 7B 60 01 00 70 01 53 4D 33 45 A1 07 70  R..{`..p.SM3E..p
    4210: 00 53 4D 33 45 A0 0C 7B 60 0A 02 00 70 01 53 4D  .SM3E..{`...p.SM
    4220: 36 45 A1 07 70 00 53 4D 36 45 A0 0C 7B 60 0A 04  6E..p.SM6E..{`..
    4230: 00 70 01 53 4D 41 45 A1 07 70 00 53 4D 41 45 A0  .p.SMAE..p.SMAE.
    4240: 0B 7B 61 01 00 70 01 53 53 33 45 A1 07 70 00 53  .{a..p.SS3E..p.S
    4250: 53 33 45 A0 0C 7B 61 0A 02 00 70 01 53 53 36 45  S3E..{a...p.SS6E
    4260: A1 07 70 00 53 53 36 45 A0 0C 7B 61 0A 04 00 70  ..p.SS6E..{a...p
    4270: 01 53 53 41 45 A1 07 70 00 53 53 41 45 70 47 54  .SSAE..p.SSAEpGT
    4280: 46 5F 00 69 41 54 41 32 70 47 54 46 5F 01 6A 41  F_.iATA2pGTF_.jA
    4290: 54 41 33 5B 82 1B 44 52 56 30 08 5F 41 44 52 00  TA3[..DRV0._ADR.
    42A0: 14 0F 5F 47 54 46 00 A4 52 41 54 41 41 54 41 32  .._GTF..RATAATA2
    42B0: 5B 82 1B 44 52 56 31 08 5F 41 44 52 01 14 0F 5F  [..DRV1._ADR..._
    42C0: 47 54 46 00 A4 52 41 54 41 41 54 41 33 14 45 13  GTF..RATAATA3.E.
    42D0: 47 54 4D 5F 0F 70 FF 50 49 4F 30 70 FF 50 49 4F  GTM_.p.PIO0p.PIO
    42E0: 31 70 FF 44 4D 41 30 70 FF 44 4D 41 31 70 0A 10  1p.DMA0p.DMA1p..
    42F0: 43 48 4E 46 A0 05 52 45 47 46 A1 06 A4 54 4D 44  CHNF..REGF...TMD
    4300: 30 A0 11 7B 69 0A 20 00 7D 43 48 4E 46 0A 02 43  0..{i. .}CHNF..C
    4310: 48 4E 46 70 89 83 88 54 49 4D 30 01 00 01 68 00  HNFp...TIM0...h.
    4320: 00 00 66 70 83 88 83 88 54 49 4D 30 00 00 66 00  ..fp....TIM0..f.
    4330: 67 70 67 44 4D 41 30 70 67 50 49 4F 30 A0 11 7B  gpgDMA0pgPIO0..{
    4340: 6C 0A 20 00 7D 43 48 4E 46 0A 08 43 48 4E 46 70  l. .}CHNF..CHNFp
    4350: 89 83 88 54 49 4D 30 0A 02 00 01 6B 00 00 00 66  ...TIM0....k...f
    4360: 70 83 88 83 88 54 49 4D 30 00 00 66 00 67 70 67  p....TIM0..f.gpg
    4370: 44 4D 41 31 70 67 50 49 4F 31 A0 3D 7B 69 0A 07  DMA1pgPIO1.={i..
    4380: 00 70 6A 65 A0 0B 7B 69 0A 02 00 72 65 0A 02 65  .pje..{i...re..e
    4390: A0 0B 7B 69 0A 04 00 72 65 0A 04 65 70 83 88 83  ..{i...re..ep...
    43A0: 88 54 49 4D 30 0A 03 00 65 00 44 4D 41 30 7D 43  .TIM0...e.DMA0}C
    43B0: 48 4E 46 01 43 48 4E 46 A0 3E 7B 6C 0A 07 00 70  HNF.CHNF.>{l...p
    43C0: 6D 65 A0 0B 7B 6C 0A 02 00 72 65 0A 02 65 A0 0B  me..{l...re..e..
    43D0: 7B 6C 0A 04 00 72 65 0A 04 65 70 83 88 83 88 54  {l...re..ep....T
    43E0: 49 4D 30 0A 03 00 65 00 44 4D 41 31 7D 43 48 4E  IM0...e.DMA1}CHN
    43F0: 46 0A 04 43 48 4E 46 70 54 4D 44 30 5B 31 A4 54  F..CHNFpTMD0[1.T
    4400: 4D 44 30 14 44 21 53 54 4D 5F 08 A0 4C 20 52 45  MD0.D!STM_..L RE
    4410: 47 46 70 00 47 4D 55 45 70 00 47 4D 55 54 70 00  GFp.GMUEp.GMUTp.
    4420: 47 53 55 45 70 00 47 53 55 54 A0 40 07 7B 43 48  GSUEp.GSUT.@.{CH
    4430: 4E 46 01 00 70 89 83 88 54 49 4D 30 0A 03 00 02  NF..p...TIM0....
    4440: 44 4D 41 30 00 00 00 60 A0 09 94 60 0A 05 70 0A  DMA0...`...`..p.
    4450: 05 60 70 83 88 83 88 54 49 4D 30 0A 04 00 60 00  .`p....TIM0...`.
    4460: 47 4D 55 54 7D 47 4D 55 45 01 47 4D 55 45 A0 10  GMUT}GMUE.GMUE..
    4470: 94 60 0A 02 7D 47 4D 55 45 0A 02 47 4D 55 45 A0  .`..}GMUE..GMUE.
    4480: 1B 94 60 0A 04 7B 47 4D 55 45 0A FD 47 4D 55 45  ..`..{GMUE..GMUE
    4490: 7D 47 4D 55 45 0A 04 47 4D 55 45 A1 35 A0 33 7D  }GMUE..GMUE.5.3}
    44A0: 93 50 49 4F 30 FF 93 50 49 4F 30 00 00 A0 23 7B  .PIO0..PIO0...#{
    44B0: 95 44 4D 41 30 FF 94 44 4D 41 30 00 00 70 44 4D  .DMA0..DMA0..pDM
    44C0: 41 30 50 49 4F 30 7D 47 4D 55 45 0A 80 47 4D 55  A0PIO0}GMUE..GMU
    44D0: 45 A0 41 07 7B 43 48 4E 46 0A 04 00 70 89 83 88  E.A.{CHNF...p...
    44E0: 54 49 4D 30 0A 03 00 02 44 4D 41 31 00 00 00 60  TIM0....DMA1...`
    44F0: A0 09 94 60 0A 05 70 0A 05 60 70 83 88 83 88 54  ...`..p..`p....T
    4500: 49 4D 30 0A 04 00 60 00 47 53 55 54 7D 47 53 55  IM0...`.GSUT}GSU
    4510: 45 01 47 53 55 45 A0 10 94 60 0A 02 7D 47 53 55  E.GSUE...`..}GSU
    4520: 45 0A 02 47 53 55 45 A0 1B 94 60 0A 04 7B 47 53  E..GSUE...`..{GS
    4530: 55 45 0A FD 47 53 55 45 7D 47 53 55 45 0A 04 47  UE..GSUE}GSUE..G
    4540: 53 55 45 A1 35 A0 33 7D 93 50 49 4F 31 FF 93 50  SUE.5.3}.PIO1..P
    4550: 49 4F 31 00 00 A0 23 7B 95 44 4D 41 31 FF 94 44  IO1...#{.DMA1..D
    4560: 4D 41 31 00 00 70 44 4D 41 31 50 49 4F 31 7D 47  MA1..pDMA1PIO1}G
    4570: 53 55 45 0A 80 47 53 55 45 A0 14 7B 43 48 4E 46  SUE..GSUE..{CHNF
    4580: 0A 02 00 7D 47 4D 55 45 0A 20 47 4D 55 45 A0 14  ...}GMUE. GMUE..
    4590: 7B 43 48 4E 46 0A 08 00 7D 47 53 55 45 0A 20 47  {CHNF...}GSUE. G
    45A0: 53 55 45 7B 89 83 88 54 49 4D 30 00 00 04 50 49  SUE{...TIM0...PI
    45B0: 4F 30 00 00 00 0A 03 60 70 83 88 83 88 54 49 4D  O0.....`p....TIM
    45C0: 30 01 00 60 00 61 70 61 47 4D 50 54 A0 10 95 60  0..`.apaGMPT...`
    45D0: 0A 03 7D 47 4D 55 45 0A 50 47 4D 55 45 7B 89 83  ..}GMUE.PGMUE{..
    45E0: 88 54 49 4D 30 00 00 04 50 49 4F 31 00 00 00 0A  .TIM0...PIO1....
    45F0: 03 60 70 83 88 83 88 54 49 4D 30 0A 02 00 60 00  .`p....TIM0...`.
    4600: 61 70 61 47 53 50 54 A0 10 95 60 0A 03 7D 47 53  apaGSPT...`..}GS
    4610: 55 45 0A 50 47 53 55 45 08 41 54 30 31 11 0A 0A  UE.PGSUE.AT01...
    4620: 07 03 00 00 00 00 00 EF 08 41 54 30 32 11 0A 0A  .........AT02...
    4630: 07 00 00 00 00 00 00 90 08 41 54 30 33 11 0A 0A  .........AT03...
    4640: 07 00 00 00 00 00 00 C6 08 41 54 30 34 11 0A 0A  .........AT04...
    4650: 07 00 00 00 00 00 00 91 08 41 54 41 30 11 03 0A  .........ATA0...
    4660: 1D 08 41 54 41 31 11 03 0A 1D 08 41 54 41 32 11  ..ATA1.....ATA2.
    4670: 03 0A 1D 08 41 54 41 33 11 03 0A 1D 08 41 54 41  ....ATA3.....ATA
    4680: 42 11 03 0A 1D 8C 41 54 41 42 00 43 4D 44 43 14  B.....ATAB.CMDC.
    4690: 4C 05 47 54 46 42 0B 77 43 4D 44 43 0A 38 60 72  L.GTFB.wCMDC.8`r
    46A0: 60 0A 08 61 5B 13 41 54 41 42 61 0A 38 43 4D 44  `..a[.ATABa.8CMD
    46B0: 58 77 43 4D 44 43 0A 07 60 8C 41 54 41 42 72 60  XwCMDC..`.ATABr`
    46C0: 0A 02 00 41 30 30 31 8C 41 54 41 42 72 60 0A 06  ...A001.ATABr`..
    46D0: 00 41 30 30 35 70 68 43 4D 44 58 70 69 41 30 30  .A005phCMDXpiA00
    46E0: 31 70 6A 41 30 30 35 75 43 4D 44 43 14 42 23 47  1pjA005uCMDC.B#G
    46F0: 54 46 5F 0A 70 69 5B 31 70 00 43 4D 44 43 08 49  TF_.pi[1p.CMDC.I
    4700: 44 34 39 0B 00 0C 08 49 44 35 39 00 08 49 44 35  D49....ID59..ID5
    4710: 33 0A 04 08 49 44 36 33 0B 00 0F 08 49 44 38 38  3...ID63....ID88
    4720: 0B 00 0F 08 49 52 44 59 01 08 50 49 4F 54 00 08  ....IRDY..PIOT..
    4730: 44 4D 41 54 00 A0 4D 05 93 87 69 0B 00 02 8B 69  DMAT..M...i....i
    4740: 0A 62 49 57 34 39 70 49 57 34 39 49 44 34 39 8B  .bIW49pIW49ID49.
    4750: 69 0A 6A 49 57 35 33 70 49 57 35 33 49 44 35 33  i.jIW53pIW53ID53
    4760: 8B 69 0A 7E 49 57 36 33 70 49 57 36 33 49 44 36  .i.~IW63pIW63ID6
    4770: 33 8B 69 0A 76 49 57 35 39 70 49 57 35 39 49 44  3.i.vIW59pIW59ID
    4780: 35 39 8B 69 0A B0 49 57 38 38 70 49 57 38 38 49  59.i..IW88pIW88I
    4790: 44 38 38 70 0A A0 67 A0 48 05 68 70 0A B0 67 7B  D88p..g.H.hp..g{
    47A0: 43 48 4E 46 0A 08 49 52 44 59 A0 12 7B 43 48 4E  CHNF..IRDY..{CHN
    47B0: 46 0A 10 00 70 50 49 4F 31 50 49 4F 54 A1 0A 70  F...pPIO1PIOT..p
    47C0: 50 49 4F 30 50 49 4F 54 A0 27 7B 43 48 4E 46 0A  PIO0PIOT.'{CHNF.
    47D0: 04 00 A0 12 7B 43 48 4E 46 0A 10 00 70 44 4D 41  ....{CHNF...pDMA
    47E0: 31 44 4D 41 54 A1 0A 70 44 4D 41 30 44 4D 41 54  1DMAT..pDMA0DMAT
    47F0: A1 27 7B 43 48 4E 46 0A 02 49 52 44 59 70 50 49  .'{CHNF..IRDYpPI
    4800: 4F 30 50 49 4F 54 A0 11 7B 43 48 4E 46 01 00 70  O0PIOT..{CHNF..p
    4810: 44 4D 41 30 44 4D 41 54 A0 45 04 90 90 7B 49 44  DMA0DMAT.E...{ID
    4820: 35 33 0A 04 00 7B 49 44 38 38 0B 00 FF 00 44 4D  53...{ID88....DM
    4830: 41 54 70 89 83 88 54 49 4D 30 0A 03 00 02 44 4D  ATp...TIM0....DM
    4840: 41 54 00 00 00 61 A0 09 94 61 0A 05 70 0A 05 61  AT...a...a..p..a
    4850: 47 54 46 42 41 54 30 31 7D 0A 40 61 00 67 A1 42  GTFBAT01}.@a.g.B
    4860: 04 A0 3F 90 7B 49 44 36 33 0B 00 FF 00 50 49 4F  ..?.{ID63....PIO
    4870: 54 7B 89 83 88 54 49 4D 30 00 00 04 50 49 4F 54  T{...TIM0...PIOT
    4880: 00 00 00 0A 03 60 7D 0A 20 83 88 83 88 54 49 4D  .....`}. ....TIM
    4890: 30 0A 07 00 60 00 61 47 54 46 42 41 54 30 31 61  0...`.aGTFBAT01a
    48A0: 67 A0 35 49 52 44 59 7B 89 83 88 54 49 4D 30 00  g.5IRDY{...TIM0.
    48B0: 00 04 50 49 4F 54 00 00 00 0A 03 60 7D 0A 08 83  ..PIOT.....`}...
    48C0: 88 83 88 54 49 4D 30 0A 06 00 60 00 61 47 54 46  ...TIM0...`.aGTF
    48D0: 42 41 54 30 31 61 67 A1 16 A0 14 7B 49 44 34 39  BAT01ag....{ID49
    48E0: 0B 00 04 00 47 54 46 42 41 54 30 31 01 67 A0 24  ....GTFBAT01.g.$
    48F0: 90 7B 49 44 35 39 0B 00 01 00 7B 49 44 35 39 0A  .{ID59....{ID59.
    4900: FF 00 47 54 46 42 41 54 30 33 7B 49 44 35 39 0A  ..GTFBAT03{ID59.
    4910: FF 00 67 70 41 54 41 42 5B 31 A4 41 54 41 42 14  ..gpATAB[1.ATAB.
    4920: 31 52 41 54 41 01 8C 68 00 43 4D 44 4E 77 43 4D  1RATA..h.CMDNwCM
    4930: 44 4E 0A 38 60 5B 13 68 0A 08 60 52 45 54 42 70  DN.8`[.h..`RETBp
    4940: 52 45 54 42 5B 31 A4 73 52 45 54 42 46 5A 54 46  RETB[1.sRETBFZTF
    4950: 00 5B 82 42 0D 53 4D 42 5F 08 5F 41 44 52 0C 03  .[.B.SMB_._ADR..
    4960: 00 1F 00 5B 80 53 4D 49 4F 01 53 4D 42 53 53 4D  ...[.SMIO.SMBSSM
    4970: 42 4C 5B 81 41 06 53 4D 49 4F 01 48 53 54 53 08  BL[.A.SMIO.HSTS.
    4980: 48 43 4E 54 08 48 43 4D 44 08 54 53 41 44 08 48  HCNT.HCMD.TSAD.H
    4990: 44 54 30 08 48 44 54 31 08 48 42 44 54 08 52 53  DT0.HDT1.HBDT.RS
    49A0: 41 44 08 52 53 44 41 10 41 55 53 54 08 41 55 43  AD.RSDA.AUST.AUC
    49B0: 54 08 53 4D 4C 50 08 53 4D 42 50 08 53 53 54 53  T.SMLP.SMBP.SSTS
    49C0: 08 53 43 4D 44 08 4E 44 41 44 08 4E 44 4C 42 08  .SCMD.NDAD.NDLB.
    49D0: 4E 44 48 42 08 14 0D 53 4D 43 53 00 70 0A 20 48  NDHB...SMCS.p. H
    49E0: 53 54 53 10 41 04 5C 5F 47 50 45 14 1C 5F 4C 30  STS.A.\_GPE.._L0
    49F0: 37 00 70 0A 20 5C 2F 04 5F 53 42 5F 50 43 49 30  7.p. \/._SB_PCI0
    4A00: 53 4D 42 5F 48 53 54 53 14 1C 5F 4C 31 42 00 70  SMB_HSTS.._L1B.p
    4A10: 0A 20 5C 2F 04 5F 53 42 5F 50 43 49 30 53 4D 42  . \/._SB_PCI0SMB
    4A20: 5F 48 53 54 53 5B 82 36 50 30 50 31 08 5F 41 44  _HSTS[.6P0P1._AD
    4A30: 52 0C 00 00 01 00 14 0F 5F 50 52 57 00 A4 47 50  R......._PRW..GP
    4A40: 52 57 0A 09 0A 04 14 16 5F 50 52 54 00 A0 0A 50  RW......_PRT...P
    4A50: 49 43 4D A4 41 52 30 31 A4 50 52 30 31 5B 82 36  ICM.AR01.PR01[.6
    4A60: 50 30 50 32 08 5F 41 44 52 0C 01 00 01 00 14 0F  P0P2._ADR.......
    4A70: 5F 50 52 57 00 A4 47 50 52 57 0A 09 0A 04 14 16  _PRW..GPRW......
    4A80: 5F 50 52 54 00 A0 0A 50 49 43 4D A4 41 52 30 32  _PRT...PICM.AR02
    4A90: A4 50 52 30 32 5B 82 36 50 30 50 33 08 5F 41 44  .PR02[.6P0P3._AD
    4AA0: 52 0C 02 00 01 00 14 0F 5F 50 52 57 00 A4 47 50  R......._PRW..GP
    4AB0: 52 57 0A 09 0A 04 14 16 5F 50 52 54 00 A0 0A 50  RW......_PRT...P
    4AC0: 49 43 4D A4 41 52 30 33 A4 50 52 30 33 5B 82 36  ICM.AR03.PR03[.6
    4AD0: 50 30 50 34 08 5F 41 44 52 0C 00 00 06 00 14 0F  P0P4._ADR.......
    4AE0: 5F 50 52 57 00 A4 47 50 52 57 0A 09 0A 04 14 16  _PRW..GPRW......
    4AF0: 5F 50 52 54 00 A0 0A 50 49 43 4D A4 41 52 30 34  _PRT...PICM.AR04
    4B00: A4 50 52 30 34 5B 82 0F 47 42 45 5F 08 5F 41 44  .PR04[..GBE_._AD
    4B10: 52 0C 00 00 19 00 5B 82 1F 42 52 32 30 08 5F 41  R.....[..BR20._A
    4B20: 44 52 0C 00 00 1E 00 14 0F 5F 50 52 57 00 A4 47  DR......._PRW..G
    4B30: 50 52 57 0A 0B 0A 03 5B 82 45 21 45 55 53 42 08  PRW....[.E!EUSB.
    4B40: 5F 41 44 52 0C 00 00 1D 00 08 5F 53 34 44 0A 02  _ADR......_S4D..
    4B50: 08 5F 53 33 44 0A 02 08 5F 53 32 44 0A 02 08 5F  ._S3D..._S2D..._
    4B60: 53 31 44 0A 02 5B 82 47 1E 48 55 42 4E 08 5F 41  S1D..[.G.HUBN._A
    4B70: 44 52 00 5B 82 49 1D 50 52 31 30 08 5F 41 44 52  DR.[.I.PR10._ADR
    4B80: 01 08 5F 55 50 43 12 07 04 0A FF 00 00 00 08 5F  .._UPC........._
    4B90: 50 4C 44 11 13 0A 10 81 00 00 00 00 00 00 00 30  PLD............0
    4BA0: 1C 00 00 00 00 00 00 5B 82 32 50 52 33 30 08 5F  .......[.2PR30._
    4BB0: 41 44 52 01 08 5F 55 50 43 12 08 04 0A FF 0A FF  ADR.._UPC.......
    4BC0: 00 00 08 5F 50 4C 44 11 13 0A 10 81 00 00 00 00  ..._PLD.........
    4BD0: 00 00 00 E1 1C 00 00 00 00 00 00 5B 82 33 50 52  ...........[.3PR
    4BE0: 33 31 08 5F 41 44 52 0A 02 08 5F 55 50 43 12 08  31._ADR..._UPC..
    4BF0: 04 0A FF 0A FF 00 00 08 5F 50 4C 44 11 13 0A 10  ........_PLD....
    4C00: 81 00 00 00 00 00 00 00 E1 1D 00 00 00 00 00 00  ................
    4C10: 5B 82 33 50 52 33 32 08 5F 41 44 52 0A 03 08 5F  [.3PR32._ADR..._
    4C20: 55 50 43 12 08 04 0A FF 0A FF 00 00 08 5F 50 4C  UPC.........._PL
    4C30: 44 11 13 0A 10 81 00 00 00 00 00 00 00 E1 1D 00  D...............
    4C40: 00 00 00 00 00 5B 82 33 50 52 33 33 08 5F 41 44  .....[.3PR33._AD
    4C50: 52 0A 04 08 5F 55 50 43 12 08 04 0A FF 0A FF 00  R..._UPC........
    4C60: 00 08 5F 50 4C 44 11 13 0A 10 81 00 00 00 00 00  .._PLD..........
    4C70: 00 00 E1 1E 00 00 00 00 00 00 5B 82 33 50 52 33  ..........[.3PR3
    4C80: 34 08 5F 41 44 52 0A 05 08 5F 55 50 43 12 08 04  4._ADR..._UPC...
    4C90: 0A FF 0A FF 00 00 08 5F 50 4C 44 11 13 0A 10 81  ......._PLD.....
    4CA0: 00 00 00 00 00 00 00 B1 1E 00 00 00 00 00 00 5B  ...............[
    4CB0: 82 33 50 52 33 35 08 5F 41 44 52 0A 06 08 5F 55  .3PR35._ADR..._U
    4CC0: 50 43 12 08 04 0A FF 0A FF 00 00 08 5F 50 4C 44  PC.........._PLD
    4CD0: 11 13 0A 10 81 00 00 00 00 00 00 00 B1 1E 00 00  ................
    4CE0: 00 00 00 00 5B 82 33 50 52 33 36 08 5F 41 44 52  ....[.3PR36._ADR
    4CF0: 0A 07 08 5F 55 50 43 12 08 04 0A FF 0A FF 00 00  ..._UPC.........
    4D00: 08 5F 50 4C 44 11 13 0A 10 81 00 00 00 00 00 00  ._PLD...........
    4D10: 00 B1 1E 00 00 00 00 00 00 5B 82 33 50 52 33 37  .........[.3PR37
    4D20: 08 5F 41 44 52 0A 08 08 5F 55 50 43 12 08 04 0A  ._ADR..._UPC....
    4D30: FF 0A FF 00 00 08 5F 50 4C 44 11 13 0A 10 81 00  ......_PLD......
    4D40: 00 00 00 00 00 00 B1 1E 00 00 00 00 00 00 5B 82  ..............[.
    4D50: 4A 1A 55 53 42 45 08 5F 41 44 52 0C 00 00 1A 00  J.USBE._ADR.....
    4D60: 08 5F 53 34 44 0A 02 08 5F 53 33 44 0A 02 08 5F  ._S4D..._S3D..._
    4D70: 53 32 44 0A 02 08 5F 53 31 44 0A 02 5B 82 4C 17  S2D..._S1D..[.L.
    4D80: 48 55 42 4E 08 5F 41 44 52 00 5B 82 4E 16 50 52  HUBN._ADR.[.N.PR
    4D90: 31 30 08 5F 41 44 52 01 08 5F 55 50 43 12 07 04  10._ADR.._UPC...
    4DA0: 0A FF 00 00 00 08 5F 50 4C 44 11 13 0A 10 81 00  ......_PLD......
    4DB0: 00 00 00 00 00 00 30 1C 00 00 00 00 00 00 5B 82  ......0.......[.
    4DC0: 32 50 52 33 30 08 5F 41 44 52 01 08 5F 55 50 43  2PR30._ADR.._UPC
    4DD0: 12 08 04 0A FF 0A FF 00 00 08 5F 50 4C 44 11 13  .........._PLD..
    4DE0: 0A 10 81 00 00 00 00 00 00 00 E1 1C 00 00 00 00  ................
    4DF0: 00 00 5B 82 33 50 52 33 31 08 5F 41 44 52 0A 02  ..[.3PR31._ADR..
    4E00: 08 5F 55 50 43 12 08 04 0A FF 0A FF 00 00 08 5F  ._UPC.........._
    4E10: 50 4C 44 11 13 0A 10 81 00 00 00 00 00 00 00 E1  PLD.............
    4E20: 1D 00 00 00 00 00 00 5B 82 33 50 52 33 32 08 5F  .......[.3PR32._
    4E30: 41 44 52 0A 03 08 5F 55 50 43 12 08 04 0A FF 0A  ADR..._UPC......
    4E40: FF 00 00 08 5F 50 4C 44 11 13 0A 10 81 00 00 00  ...._PLD........
    4E50: 00 00 00 00 E1 1D 00 00 00 00 00 00 5B 82 33 50  ............[.3P
    4E60: 52 33 33 08 5F 41 44 52 0A 04 08 5F 55 50 43 12  R33._ADR..._UPC.
    4E70: 08 04 0A FF 0A FF 00 00 08 5F 50 4C 44 11 13 0A  ........._PLD...
    4E80: 10 81 00 00 00 00 00 00 00 E1 1E 00 00 00 00 00  ................
    4E90: 00 5B 82 32 50 52 33 34 08 5F 41 44 52 0A 05 08  .[.2PR34._ADR...
    4EA0: 5F 55 50 43 12 07 04 0A FF 00 00 00 08 5F 50 4C  _UPC........._PL
    4EB0: 44 11 13 0A 10 81 00 00 00 00 00 00 00 B1 1E 00  D...............
    4EC0: 00 00 00 00 00 5B 82 33 50 52 33 35 08 5F 41 44  .....[.3PR35._AD
    4ED0: 52 0A 06 08 5F 55 50 43 12 08 04 0A FF 0A FF 00  R..._UPC........
    4EE0: 00 08 5F 50 4C 44 11 13 0A 10 81 00 00 00 00 00  .._PLD..........
    4EF0: 00 00 E1 1E 00 00 00 00 00 00 5B 82 47 0E 50 45  ..........[.G.PE
    4F00: 58 30 08 5F 41 44 52 0C 00 00 1C 00 5B 80 50 58  X0._ADR.....[.PX
    4F10: 52 43 02 00 0B 00 01 5B 81 30 50 58 52 43 00 00  RC.....[.0PXRC..
    4F20: 40 30 00 10 50 4D 53 5F 01 50 4D 50 5F 01 00 4E  @0..PMS_.PMP_..N
    4F30: 3A 00 1E 48 50 45 5F 01 50 43 45 5F 01 00 1E 48  :..HPE_.PCE_...H
    4F40: 50 53 5F 01 50 43 53 5F 01 14 18 43 53 53 5F 00  PS_.PCS_...CSS_.
    4F50: 70 01 50 4D 53 5F 70 01 50 43 53 5F 70 01 50 4D  p.PMS_p.PCS_p.PM
    4F60: 53 5F 14 14 53 50 52 54 01 43 53 53 5F 70 01 50  S_..SPRT.CSS_p.P
    4F70: 43 45 5F 43 53 53 5F 14 10 57 50 52 54 01 70 00  CE_CSS_..WPRT.p.
    4F80: 50 43 45 5F 43 53 53 5F 14 0F 5F 50 52 57 00 A4  PCE_CSS_.._PRW..
    4F90: 47 50 52 57 0A 0B 0A 04 14 16 5F 50 52 54 00 A0  GPRW......_PRT..
    4FA0: 0A 50 49 43 4D A4 41 52 31 31 A4 50 52 31 31 5B  .PICM.AR11.PR11[
    4FB0: 82 32 42 52 32 31 08 5F 41 44 52 00 14 0F 5F 50  .2BR21._ADR..._P
    4FC0: 52 57 00 A4 47 50 52 57 0A 0B 0A 04 14 16 5F 50  RW..GPRW......_P
    4FD0: 52 54 00 A0 0A 50 49 43 4D A4 41 52 32 31 A4 50  RT...PICM.AR21.P
    4FE0: 52 32 31 5B 82 43 0B 50 45 58 31 08 5F 41 44 52  R21[.C.PEX1._ADR
    4FF0: 0C 01 00 1C 00 5B 80 50 58 52 43 02 00 0B 00 01  .....[.PXRC.....
    5000: 5B 81 30 50 58 52 43 00 00 40 30 00 10 50 4D 53  [.0PXRC..@0..PMS
    5010: 5F 01 50 4D 50 5F 01 00 4E 3A 00 1E 48 50 45 5F  _.PMP_..N:..HPE_
    5020: 01 50 43 45 5F 01 00 1E 48 50 53 5F 01 50 43 53  .PCE_...HPS_.PCS
    5030: 5F 01 14 18 43 53 53 5F 00 70 01 50 4D 53 5F 70  _...CSS_.p.PMS_p
    5040: 01 50 43 53 5F 70 01 50 4D 53 5F 14 14 53 50 52  .PCS_p.PMS_..SPR
    5050: 54 01 43 53 53 5F 70 01 50 43 45 5F 43 53 53 5F  T.CSS_p.PCE_CSS_
    5060: 14 10 57 50 52 54 01 70 00 50 43 45 5F 43 53 53  ..WPRT.p.PCE_CSS
    5070: 5F 14 0F 5F 50 52 57 00 A4 47 50 52 57 0A 09 0A  _.._PRW..GPRW...
    5080: 04 14 16 5F 50 52 54 00 A0 0A 50 49 43 4D A4 41  ..._PRT...PICM.A
    5090: 52 31 32 A4 50 52 31 32 5B 82 43 0B 50 45 58 32  R12.PR12[.C.PEX2
    50A0: 08 5F 41 44 52 0C 02 00 1C 00 5B 80 50 58 52 43  ._ADR.....[.PXRC
    50B0: 02 00 0B 00 01 5B 81 30 50 58 52 43 00 00 40 30  .....[.0PXRC..@0
    50C0: 00 10 50 4D 53 5F 01 50 4D 50 5F 01 00 4E 3A 00  ..PMS_.PMP_..N:.
    50D0: 1E 48 50 45 5F 01 50 43 45 5F 01 00 1E 48 50 53  .HPE_.PCE_...HPS
    50E0: 5F 01 50 43 53 5F 01 14 18 43 53 53 5F 00 70 01  _.PCS_...CSS_.p.
    50F0: 50 4D 53 5F 70 01 50 43 53 5F 70 01 50 4D 53 5F  PMS_p.PCS_p.PMS_
    5100: 14 14 53 50 52 54 01 43 53 53 5F 70 01 50 43 45  ..SPRT.CSS_p.PCE
    5110: 5F 43 53 53 5F 14 10 57 50 52 54 01 70 00 50 43  _CSS_..WPRT.p.PC
    5120: 45 5F 43 53 53 5F 14 0F 5F 50 52 57 00 A4 47 50  E_CSS_.._PRW..GP
    5130: 52 57 0A 09 0A 04 14 16 5F 50 52 54 00 A0 0A 50  RW......_PRT...P
    5140: 49 43 4D A4 41 52 31 33 A4 50 52 31 33 5B 82 43  ICM.AR13.PR13[.C
    5150: 0B 50 45 58 33 08 5F 41 44 52 0C 03 00 1C 00 5B  .PEX3._ADR.....[
    5160: 80 50 58 52 43 02 00 0B 00 01 5B 81 30 50 58 52  .PXRC.....[.0PXR
    5170: 43 00 00 40 30 00 10 50 4D 53 5F 01 50 4D 50 5F  C..@0..PMS_.PMP_
    5180: 01 00 4E 3A 00 1E 48 50 45 5F 01 50 43 45 5F 01  ..N:..HPE_.PCE_.
    5190: 00 1E 48 50 53 5F 01 50 43 53 5F 01 14 18 43 53  ..HPS_.PCS_...CS
    51A0: 53 5F 00 70 01 50 4D 53 5F 70 01 50 43 53 5F 70  S_.p.PMS_p.PCS_p
    51B0: 01 50 4D 53 5F 14 14 53 50 52 54 01 43 53 53 5F  .PMS_..SPRT.CSS_
    51C0: 70 01 50 43 45 5F 43 53 53 5F 14 10 57 50 52 54  p.PCE_CSS_..WPRT
    51D0: 01 70 00 50 43 45 5F 43 53 53 5F 14 0F 5F 50 52  .p.PCE_CSS_.._PR
    51E0: 57 00 A4 47 50 52 57 0A 09 0A 04 14 16 5F 50 52  W..GPRW......_PR
    51F0: 54 00 A0 0A 50 49 43 4D A4 41 52 31 34 A4 50 52  T...PICM.AR14.PR
    5200: 31 34 5B 82 43 0B 50 45 58 34 08 5F 41 44 52 0C  14[.C.PEX4._ADR.
    5210: 04 00 1C 00 5B 80 50 58 52 43 02 00 0B 00 01 5B  ....[.PXRC.....[
    5220: 81 30 50 58 52 43 00 00 40 30 00 10 50 4D 53 5F  .0PXRC..@0..PMS_
    5230: 01 50 4D 50 5F 01 00 4E 3A 00 1E 48 50 45 5F 01  .PMP_..N:..HPE_.
    5240: 50 43 45 5F 01 00 1E 48 50 53 5F 01 50 43 53 5F  PCE_...HPS_.PCS_
    5250: 01 14 18 43 53 53 5F 00 70 01 50 4D 53 5F 70 01  ...CSS_.p.PMS_p.
    5260: 50 43 53 5F 70 01 50 4D 53 5F 14 14 53 50 52 54  PCS_p.PMS_..SPRT
    5270: 01 43 53 53 5F 70 01 50 43 45 5F 43 53 53 5F 14  .CSS_p.PCE_CSS_.
    5280: 10 57 50 52 54 01 70 00 50 43 45 5F 43 53 53 5F  .WPRT.p.PCE_CSS_
    5290: 14 0F 5F 50 52 57 00 A4 47 50 52 57 0A 09 0A 04  .._PRW..GPRW....
    52A0: 14 16 5F 50 52 54 00 A0 0A 50 49 43 4D A4 41 52  .._PRT...PICM.AR
    52B0: 31 35 A4 50 52 31 35 5B 82 43 0B 50 45 58 35 08  15.PR15[.C.PEX5.
    52C0: 5F 41 44 52 0C 05 00 1C 00 5B 80 50 58 52 43 02  _ADR.....[.PXRC.
    52D0: 00 0B 00 01 5B 81 30 50 58 52 43 00 00 40 30 00  ....[.0PXRC..@0.
    52E0: 10 50 4D 53 5F 01 50 4D 50 5F 01 00 4E 3A 00 1E  .PMS_.PMP_..N:..
    52F0: 48 50 45 5F 01 50 43 45 5F 01 00 1E 48 50 53 5F  HPE_.PCE_...HPS_
    5300: 01 50 43 53 5F 01 14 18 43 53 53 5F 00 70 01 50  .PCS_...CSS_.p.P
    5310: 4D 53 5F 70 01 50 43 53 5F 70 01 50 4D 53 5F 14  MS_p.PCS_p.PMS_.
    5320: 14 53 50 52 54 01 43 53 53 5F 70 01 50 43 45 5F  .SPRT.CSS_p.PCE_
    5330: 43 53 53 5F 14 10 57 50 52 54 01 70 00 50 43 45  CSS_..WPRT.p.PCE
    5340: 5F 43 53 53 5F 14 0F 5F 50 52 57 00 A4 47 50 52  _CSS_.._PRW..GPR
    5350: 57 0A 09 0A 04 14 16 5F 50 52 54 00 A0 0A 50 49  W......_PRT...PI
    5360: 43 4D A4 41 52 31 36 A4 50 52 31 36 5B 82 43 0B  CM.AR16.PR16[.C.
    5370: 50 45 58 36 08 5F 41 44 52 0C 06 00 1C 00 5B 80  PEX6._ADR.....[.
    5380: 50 58 52 43 02 00 0B 00 01 5B 81 30 50 58 52 43  PXRC.....[.0PXRC
    5390: 00 00 40 30 00 10 50 4D 53 5F 01 50 4D 50 5F 01  ..@0..PMS_.PMP_.
    53A0: 00 4E 3A 00 1E 48 50 45 5F 01 50 43 45 5F 01 00  .N:..HPE_.PCE_..
    53B0: 1E 48 50 53 5F 01 50 43 53 5F 01 14 18 43 53 53  .HPS_.PCS_...CSS
    53C0: 5F 00 70 01 50 4D 53 5F 70 01 50 43 53 5F 70 01  _.p.PMS_p.PCS_p.
    53D0: 50 4D 53 5F 14 14 53 50 52 54 01 43 53 53 5F 70  PMS_..SPRT.CSS_p
    53E0: 01 50 43 45 5F 43 53 53 5F 14 10 57 50 52 54 01  .PCE_CSS_..WPRT.
    53F0: 70 00 50 43 45 5F 43 53 53 5F 14 0F 5F 50 52 57  p.PCE_CSS_.._PRW
    5400: 00 A4 47 50 52 57 0A 09 0A 04 14 16 5F 50 52 54  ..GPRW......_PRT
    5410: 00 A0 0A 50 49 43 4D A4 41 52 31 37 A4 50 52 31  ...PICM.AR17.PR1
    5420: 37 5B 82 43 0B 50 45 58 37 08 5F 41 44 52 0C 07  7[.C.PEX7._ADR..
    5430: 00 1C 00 5B 80 50 58 52 43 02 00 0B 00 01 5B 81  ...[.PXRC.....[.
    5440: 30 50 58 52 43 00 00 40 30 00 10 50 4D 53 5F 01  0PXRC..@0..PMS_.
    5450: 50 4D 50 5F 01 00 4E 3A 00 1E 48 50 45 5F 01 50  PMP_..N:..HPE_.P
    5460: 43 45 5F 01 00 1E 48 50 53 5F 01 50 43 53 5F 01  CE_...HPS_.PCS_.
    5470: 14 18 43 53 53 5F 00 70 01 50 4D 53 5F 70 01 50  ..CSS_.p.PMS_p.P
    5480: 43 53 5F 70 01 50 4D 53 5F 14 14 53 50 52 54 01  CS_p.PMS_..SPRT.
    5490: 43 53 53 5F 70 01 50 43 45 5F 43 53 53 5F 14 10  CSS_p.PCE_CSS_..
    54A0: 57 50 52 54 01 70 00 50 43 45 5F 43 53 53 5F 14  WPRT.p.PCE_CSS_.
    54B0: 0F 5F 50 52 57 00 A4 47 50 52 57 0A 09 0A 04 14  ._PRW..GPRW.....
    54C0: 16 5F 50 52 54 00 A0 0A 50 49 43 4D A4 41 52 31  ._PRT...PICM.AR1
    54D0: 38 A4 50 52 31 38 10 42 17 5C 5F 47 50 45 14 26  8.PR18.B.\_GPE.&
    54E0: 5F 4C 31 44 00 5C 2F 04 5F 53 42 5F 50 43 49 30  _L1D.\/._SB_PCI0
    54F0: 53 42 52 47 53 49 4F 48 86 5C 2E 5F 53 42 5F 50  SBRGSIOH.\._SB_P
    5500: 57 52 42 0A 02 14 26 5F 4C 30 38 00 5C 2F 04 5F  WRB...&_L08.\/._
    5510: 53 42 5F 50 43 49 30 53 42 52 47 53 49 4F 48 86  SB_PCI0SBRGSIOH.
    5520: 5C 2E 5F 53 42 5F 50 57 52 42 0A 02 14 4A 0D 5F  \._SB_PWRB...J._
    5530: 4C 30 39 00 86 5C 2F 03 5F 53 42 5F 50 43 49 30  L09..\/._SB_PCI0
    5540: 50 30 50 31 0A 02 86 5C 2F 03 5F 53 42 5F 50 43  P0P1...\/._SB_PC
    5550: 49 30 50 30 50 32 0A 02 86 5C 2F 03 5F 53 42 5F  I0P0P2...\/._SB_
    5560: 50 43 49 30 50 30 50 33 0A 02 86 5C 2F 03 5F 53  PCI0P0P3...\/._S
    5570: 42 5F 50 43 49 30 50 30 50 34 0A 02 86 5C 2F 03  B_PCI0P0P4...\/.
    5580: 5F 53 42 5F 50 43 49 30 50 45 58 31 0A 02 86 5C  _SB_PCI0PEX1...\
    5590: 2F 03 5F 53 42 5F 50 43 49 30 50 45 58 32 0A 02  /._SB_PCI0PEX2..
    55A0: 86 5C 2F 03 5F 53 42 5F 50 43 49 30 50 45 58 33  .\/._SB_PCI0PEX3
    55B0: 0A 02 86 5C 2F 03 5F 53 42 5F 50 43 49 30 50 45  ...\/._SB_PCI0PE
    55C0: 58 34 0A 02 86 5C 2F 03 5F 53 42 5F 50 43 49 30  X4...\/._SB_PCI0
    55D0: 50 45 58 35 0A 02 86 5C 2F 03 5F 53 42 5F 50 43  PEX5...\/._SB_PC
    55E0: 49 30 50 45 58 36 0A 02 86 5C 2F 03 5F 53 42 5F  I0PEX6...\/._SB_
    55F0: 50 43 49 30 50 45 58 37 0A 02 86 5C 2E 5F 53 42  PCI0PEX7...\._SB
    5600: 5F 50 57 52 42 0A 02 14 41 04 5F 4C 30 42 00 86  _PWRB...A._L0B..
    5610: 5C 2F 03 5F 53 42 5F 50 43 49 30 42 52 32 30 0A  \/._SB_PCI0BR20.
    5620: 02 86 5C 2F 03 5F 53 42 5F 50 43 49 30 50 45 58  ..\/._SB_PCI0PEX
    5630: 30 0A 02 86 5C 2F 04 5F 53 42 5F 50 43 49 30 50  0...\/._SB_PCI0P
    5640: 45 58 30 42 52 32 31 0A 02 5B 82 2D 50 57 52 42  EX0BR21..[.-PWRB
    5650: 08 5F 48 49 44 0C 41 D0 0C 0C 08 5F 55 49 44 0A  ._HID.A...._UID.
    5660: AA 08 5F 53 54 41 0A 0B 14 0F 5F 50 52 57 00 A4  .._STA...._PRW..
    5670: 47 50 52 57 0A 08 0A 03 5B 80 2F 04 5F 53 42 5F  GPRW....[./._SB_
    5680: 50 43 49 30 53 42 52 47 50 49 58 30 02 0A 60 0A  PCI0SBRGPIX0..`.
    5690: 0C 5B 81 3F 5C 2F 04 5F 53 42 5F 50 43 49 30 53  .[.?\/._SB_PCI0S
    56A0: 42 52 47 50 49 58 30 01 50 49 52 41 08 50 49 52  BRGPIX0.PIRA.PIR
    56B0: 42 08 50 49 52 43 08 50 49 52 44 08 00 20 50 49  B.PIRC.PIRD.. PI
    56C0: 52 45 08 50 49 52 46 08 50 49 52 47 08 50 49 52  RE.PIRF.PIRG.PIR
    56D0: 48 08 10 4E 45 5F 53 42 5F 08 42 55 46 41 11 09  H..NE_SB_.BUFA..
    56E0: 0A 06 23 00 80 18 79 00 8B 42 55 46 41 01 49 52  ..#...y..BUFA.IR
    56F0: 41 30 5B 82 45 08 4C 4E 4B 41 08 5F 48 49 44 0C  A0[.E.LNKA._HID.
    5700: 41 D0 0C 0F 08 5F 55 49 44 01 14 19 5F 53 54 41  A...._UID..._STA
    5710: 00 7B 50 49 52 41 0A 80 60 A0 05 60 A4 0A 09 A1  .{PIRA..`..`....
    5720: 04 A4 0A 0B 14 0B 5F 50 52 53 00 A4 50 52 53 41  ......_PRS..PRSA
    5730: 14 11 5F 44 49 53 00 7D 50 49 52 41 0A 80 50 49  .._DIS.}PIRA..PI
    5740: 52 41 14 1A 5F 43 52 53 00 7B 50 49 52 41 0A 0F  RA.._CRS.{PIRA..
    5750: 60 79 01 60 49 52 41 30 A4 42 55 46 41 14 1B 5F  `y.`IRA0.BUFA.._
    5760: 53 52 53 01 8B 68 01 49 52 41 5F 82 49 52 41 5F  SRS..h.IRA_.IRA_
    5770: 60 76 60 70 60 50 49 52 41 5B 82 46 08 4C 4E 4B  `v`p`PIRA[.F.LNK
    5780: 42 08 5F 48 49 44 0C 41 D0 0C 0F 08 5F 55 49 44  B._HID.A...._UID
    5790: 0A 02 14 19 5F 53 54 41 00 7B 50 49 52 42 0A 80  ...._STA.{PIRB..
    57A0: 60 A0 05 60 A4 0A 09 A1 04 A4 0A 0B 14 0B 5F 50  `..`.........._P
    57B0: 52 53 00 A4 50 52 53 42 14 11 5F 44 49 53 00 7D  RS..PRSB.._DIS.}
    57C0: 50 49 52 42 0A 80 50 49 52 42 14 1A 5F 43 52 53  PIRB..PIRB.._CRS
    57D0: 00 7B 50 49 52 42 0A 0F 60 79 01 60 49 52 41 30  .{PIRB..`y.`IRA0
    57E0: A4 42 55 46 41 14 1B 5F 53 52 53 01 8B 68 01 49  .BUFA.._SRS..h.I
    57F0: 52 41 5F 82 49 52 41 5F 60 76 60 70 60 50 49 52  RA_.IRA_`v`p`PIR
    5800: 42 5B 82 46 08 4C 4E 4B 43 08 5F 48 49 44 0C 41  B[.F.LNKC._HID.A
    5810: D0 0C 0F 08 5F 55 49 44 0A 03 14 19 5F 53 54 41  ...._UID...._STA
    5820: 00 7B 50 49 52 43 0A 80 60 A0 05 60 A4 0A 09 A1  .{PIRC..`..`....
    5830: 04 A4 0A 0B 14 0B 5F 50 52 53 00 A4 50 52 53 43  ......_PRS..PRSC
    5840: 14 11 5F 44 49 53 00 7D 50 49 52 43 0A 80 50 49  .._DIS.}PIRC..PI
    5850: 52 43 14 1A 5F 43 52 53 00 7B 50 49 52 43 0A 0F  RC.._CRS.{PIRC..
    5860: 60 79 01 60 49 52 41 30 A4 42 55 46 41 14 1B 5F  `y.`IRA0.BUFA.._
    5870: 53 52 53 01 8B 68 01 49 52 41 5F 82 49 52 41 5F  SRS..h.IRA_.IRA_
    5880: 60 76 60 70 60 50 49 52 43 5B 82 46 08 4C 4E 4B  `v`p`PIRC[.F.LNK
    5890: 44 08 5F 48 49 44 0C 41 D0 0C 0F 08 5F 55 49 44  D._HID.A...._UID
    58A0: 0A 04 14 19 5F 53 54 41 00 7B 50 49 52 44 0A 80  ...._STA.{PIRD..
    58B0: 60 A0 05 60 A4 0A 09 A1 04 A4 0A 0B 14 0B 5F 50  `..`.........._P
    58C0: 52 53 00 A4 50 52 53 44 14 11 5F 44 49 53 00 7D  RS..PRSD.._DIS.}
    58D0: 50 49 52 44 0A 80 50 49 52 44 14 1A 5F 43 52 53  PIRD..PIRD.._CRS
    58E0: 00 7B 50 49 52 44 0A 0F 60 79 01 60 49 52 41 30  .{PIRD..`y.`IRA0
    58F0: A4 42 55 46 41 14 1B 5F 53 52 53 01 8B 68 01 49  .BUFA.._SRS..h.I
    5900: 52 41 5F 82 49 52 41 5F 60 76 60 70 60 50 49 52  RA_.IRA_`v`p`PIR
    5910: 44 5B 82 46 08 4C 4E 4B 45 08 5F 48 49 44 0C 41  D[.F.LNKE._HID.A
    5920: D0 0C 0F 08 5F 55 49 44 0A 05 14 19 5F 53 54 41  ...._UID...._STA
    5930: 00 7B 50 49 52 45 0A 80 60 A0 05 60 A4 0A 09 A1  .{PIRE..`..`....
    5940: 04 A4 0A 0B 14 0B 5F 50 52 53 00 A4 50 52 53 45  ......_PRS..PRSE
    5950: 14 11 5F 44 49 53 00 7D 50 49 52 45 0A 80 50 49  .._DIS.}PIRE..PI
    5960: 52 45 14 1A 5F 43 52 53 00 7B 50 49 52 45 0A 0F  RE.._CRS.{PIRE..
    5970: 60 79 01 60 49 52 41 30 A4 42 55 46 41 14 1B 5F  `y.`IRA0.BUFA.._
    5980: 53 52 53 01 8B 68 01 49 52 41 5F 82 49 52 41 5F  SRS..h.IRA_.IRA_
    5990: 60 76 60 70 60 50 49 52 45 5B 82 46 08 4C 4E 4B  `v`p`PIRE[.F.LNK
    59A0: 46 08 5F 48 49 44 0C 41 D0 0C 0F 08 5F 55 49 44  F._HID.A...._UID
    59B0: 0A 06 14 19 5F 53 54 41 00 7B 50 49 52 46 0A 80  ...._STA.{PIRF..
    59C0: 60 A0 05 60 A4 0A 09 A1 04 A4 0A 0B 14 0B 5F 50  `..`.........._P
    59D0: 52 53 00 A4 50 52 53 46 14 11 5F 44 49 53 00 7D  RS..PRSF.._DIS.}
    59E0: 50 49 52 46 0A 80 50 49 52 46 14 1A 5F 43 52 53  PIRF..PIRF.._CRS
    59F0: 00 7B 50 49 52 46 0A 0F 60 79 01 60 49 52 41 30  .{PIRF..`y.`IRA0
    5A00: A4 42 55 46 41 14 1B 5F 53 52 53 01 8B 68 01 49  .BUFA.._SRS..h.I
    5A10: 52 41 5F 82 49 52 41 5F 60 76 60 70 60 50 49 52  RA_.IRA_`v`p`PIR
    5A20: 46 5B 82 46 08 4C 4E 4B 47 08 5F 48 49 44 0C 41  F[.F.LNKG._HID.A
    5A30: D0 0C 0F 08 5F 55 49 44 0A 07 14 19 5F 53 54 41  ...._UID...._STA
    5A40: 00 7B 50 49 52 47 0A 80 60 A0 05 60 A4 0A 09 A1  .{PIRG..`..`....
    5A50: 04 A4 0A 0B 14 0B 5F 50 52 53 00 A4 50 52 53 47  ......_PRS..PRSG
    5A60: 14 11 5F 44 49 53 00 7D 50 49 52 47 0A 80 50 49  .._DIS.}PIRG..PI
    5A70: 52 47 14 1A 5F 43 52 53 00 7B 50 49 52 47 0A 0F  RG.._CRS.{PIRG..
    5A80: 60 79 01 60 49 52 41 30 A4 42 55 46 41 14 1B 5F  `y.`IRA0.BUFA.._
    5A90: 53 52 53 01 8B 68 01 49 52 41 5F 82 49 52 41 5F  SRS..h.IRA_.IRA_
    5AA0: 60 76 60 70 60 50 49 52 47 5B 82 46 08 4C 4E 4B  `v`p`PIRG[.F.LNK
    5AB0: 48 08 5F 48 49 44 0C 41 D0 0C 0F 08 5F 55 49 44  H._HID.A...._UID
    5AC0: 0A 08 14 19 5F 53 54 41 00 7B 50 49 52 48 0A 80  ...._STA.{PIRH..
    5AD0: 60 A0 05 60 A4 0A 09 A1 04 A4 0A 0B 14 0B 5F 50  `..`.........._P
    5AE0: 52 53 00 A4 50 52 53 48 14 11 5F 44 49 53 00 7D  RS..PRSH.._DIS.}
    5AF0: 50 49 52 48 0A 80 50 49 52 48 14 1A 5F 43 52 53  PIRH..PIRH.._CRS
    5B00: 00 7B 50 49 52 48 0A 0F 60 79 01 60 49 52 41 30  .{PIRH..`y.`IRA0
    5B10: A4 42 55 46 41 14 1B 5F 53 52 53 01 8B 68 01 49  .BUFA.._SRS..h.I
    5B20: 52 41 5F 82 49 52 41 5F 60 76 60 70 60 50 49 52  RA_.IRA_`v`p`PIR
    5B30: 48 10 47 4D 5F 53 42 5F 5B 80 53 53 44 54 00 0C  H.GM_SB_[.SSDT..
    5B40: 18 D9 3E E7 0B E0 03 5B 80 43 53 44 54 00 0C 98  ..>....[.CSDT...
    5B50: CD 3E E7 0B 20 01 08 4E 43 53 54 0A 02 08 4E 50  .>.. ..NCST...NP
    5B60: 53 53 0A 0A 08 48 4E 44 4C 0C 00 00 00 80 08 43  SS...HNDL......C
    5B70: 48 44 4C 0C 00 00 00 80 08 54 4E 4C 50 0B 04 00  HDL......TNLP...
    5B80: 08 43 49 4E 54 00 08 50 44 43 56 0C FF FF FF FF  .CINT..PDCV.....
    5B90: 08 41 50 53 53 12 49 0E 0A 12 16 06 0B 1D 0C 0C  .APSS.I.........
    5BA0: 88 0D 01 00 0B 0A 00 0B 0A 00 0B 00 23 0B 00 23  ............#..#
    5BB0: 12 16 06 0B 1C 0C 0C 88 0D 01 00 0B 0A 00 0B 0A  ................
    5BC0: 00 0B 00 1F 0B 00 1F 12 16 06 0B 54 0B 0C 18 F6  ...........T....
    5BD0: 00 00 0B 0A 00 0B 0A 00 0B 00 1D 0B 00 1D 12 16  ................
    5BE0: 06 0B 8C 0A 0C A8 DE 00 00 0B 0A 00 0B 0A 00 0B  ................
    5BF0: 00 1B 0B 00 1B 12 16 06 0B C4 09 0C 20 CB 00 00  ............ ...
    5C00: 0B 0A 00 0B 0A 00 0B 00 19 0B 00 19 12 16 06 0B  ................
    5C10: FC 08 0C 98 B7 00 00 0B 0A 00 0B 0A 00 0B 00 17  ................
    5C20: 0B 00 17 12 16 06 0B 34 08 0C 10 A4 00 00 0B 0A  .......4........
    5C30: 00 0B 0A 00 0B 00 15 0B 00 15 12 16 06 0B 6C 07  ..............l.
    5C40: 0C 88 90 00 00 0B 0A 00 0B 0A 00 0B 00 13 0B 00  ................
    5C50: 13 12 16 06 0B A4 06 0C 00 7D 00 00 0B 0A 00 0B  .........}......
    5C60: 0A 00 0B 00 11 0B 00 11 12 16 06 0B 40 06 0C 30  ............@..0
    5C70: 75 00 00 0B 0A 00 0B 0A 00 0B 00 10 0B 00 10 08  u...............
    5C80: 50 54 43 49 12 2C 02 11 14 0A 11 82 0C 00 01 04  PTCI.,..........
    5C90: 01 00 10 04 00 00 00 00 00 00 79 00 11 14 0A 11  ..........y.....
    5CA0: 82 0C 00 01 04 01 00 10 04 00 00 00 00 00 00 79  ...............y
    5CB0: 00 08 5C 50 53 54 45 00 08 5C 54 53 54 45 00 08  ..\PSTE..\TSTE..
    5CC0: 5C 50 45 54 45 00 08 54 53 53 49 12 0D 01 12 0A  \PETE..TSSI.....
    5CD0: 05 0A 64 0B E8 03 00 00 00 08 54 53 53 4D 12 40  ..d.......TSSM.@
    5CE0: 06 08 12 0A 05 0A 64 0B E8 03 00 00 00 12 0B 05  ......d.........
    5CF0: 0A 58 0B 6B 03 00 0A 1E 00 12 0B 05 0A 4B 0B EE  .X.k.........K..
    5D00: 02 00 0A 1C 00 12 0B 05 0A 3F 0B 71 02 00 0A 1A  .........?.q....
    5D10: 00 12 0B 05 0A 32 0B F4 01 00 0A 18 00 12 0B 05  .....2..........
    5D20: 0A 26 0B 77 01 00 0A 16 00 12 0A 05 0A 19 0A FA  .&.w............
    5D30: 00 0A 14 00 12 0A 05 0A 0D 0A 7D 00 0A 12 00 08  ..........}.....
    5D40: 43 31 53 54 12 22 02 01 12 1E 04 11 14 0A 11 82  C1ST."..........
    5D50: 0C 00 7F 00 00 00 00 00 00 00 00 00 00 00 79 00  ..............y.
    5D60: 0A 01 0A 01 0B E8 03 08 43 4D 53 54 12 42 06 04  ........CMST.B..
    5D70: 0A 03 12 1E 04 11 14 0A 11 82 0C 00 7F 01 02 01  ................
    5D80: 00 00 00 00 00 00 00 00 79 00 0A 01 0A 01 0B E8  ........y.......
    5D90: 03 12 1E 04 11 14 0A 11 82 0C 00 7F 01 02 03 10  ................
    5DA0: 00 00 00 00 00 00 00 79 00 0A 02 0A 50 0B F4 01  .......y....P...
    5DB0: 12 1E 04 11 14 0A 11 82 0C 00 7F 01 02 03 20 00  .............. .
    5DC0: 00 00 00 00 00 00 79 00 0A 03 0A 68 0B 5E 01 08  ......y....h.^..
    5DD0: 43 49 53 54 12 42 06 04 0A 03 12 1E 04 11 14 0A  CIST.B..........
    5DE0: 11 82 0C 00 7F 00 00 00 00 00 00 00 00 00 00 00  ................
    5DF0: 79 00 0A 01 0A 01 0B E8 03 12 1E 04 11 14 0A 11  y...............
    5E00: 82 0C 00 01 08 00 00 14 04 00 00 00 00 00 00 79  ...............y
    5E10: 00 0A 02 0A 50 0B F4 01 12 1E 04 11 14 0A 11 82  ....P...........
    5E20: 0C 00 01 08 00 00 15 04 00 00 00 00 00 00 79 00  ..............y.
    5E30: 0A 03 0A 68 0B 5E 01 14 43 05 43 53 54 5F 00 A0  ...h.^..C.CST_..
    5E40: 1E 92 93 7B 50 44 43 56 0B 00 02 00 0B 00 02 A0  ...{PDCV........
    5E50: 0E 93 4E 43 53 54 0A 02 70 01 4E 43 53 54 A0 0C  ..NCST..p.NCST..
    5E60: 93 4E 43 53 54 00 A4 43 31 53 54 A0 0C 93 4E 43  .NCST..C1ST...NC
    5E70: 53 54 01 A4 43 49 53 54 A0 0D 93 4E 43 53 54 0A  ST..CIST...NCST.
    5E80: 02 A4 43 4D 53 54 A4 43 31 53 54 14 47 06 50 44  ..CMST.C1ST.G.PD
    5E90: 43 5F 01 8A 68 00 52 45 56 53 8A 68 0A 04 53 49  C_..h.REVS.h..SI
    5EA0: 5A 45 70 87 68 60 70 74 60 0A 08 00 61 5B 13 68  ZEp.h`pt`...a[.h
    5EB0: 0A 40 77 61 0A 08 00 54 45 4D 50 08 53 54 53 30  .@wa...TEMP.STS0
    5EC0: 11 07 0A 04 00 00 00 00 73 53 54 53 30 54 45 4D  ........sSTS0TEM
    5ED0: 50 62 4F 53 43 5F 11 13 0A 10 16 A6 77 40 0C 29  PbOSC_......w@.)
    5EE0: BE 47 9E BD D8 70 58 71 39 53 52 45 56 53 53 49  .G...pXq9SREVSSI
    5EF0: 5A 45 62 14 45 11 4F 53 43 5F 04 8A 6B 00 53 54  ZEb.E.OSC_..k.ST
    5F00: 53 5F 8A 6B 0A 04 43 41 50 5F 8A 68 00 49 49 44  S_.k..CAP_.h.IID
    5F10: 30 8A 68 0A 04 49 49 44 31 8A 68 0A 08 49 49 44  0.h..IID1.h..IID
    5F20: 32 8A 68 0A 0C 49 49 44 33 08 55 49 44 30 11 13  2.h..IID3.UID0..
    5F30: 0A 10 16 A6 77 40 0C 29 BE 47 9E BD D8 70 58 71  ....w@.).G...pXq
    5F40: 39 53 8A 55 49 44 30 00 45 49 44 30 8A 55 49 44  9S.UID0.EID0.UID
    5F50: 30 0A 04 45 49 44 31 8A 55 49 44 30 0A 08 45 49  0..EID1.UID0..EI
    5F60: 44 32 8A 55 49 44 30 0A 0C 45 49 44 33 A0 35 92  D2.UID0..EID3.5.
    5F70: 90 90 93 49 49 44 30 45 49 44 30 93 49 49 44 31  ...IID0EID0.IID1
    5F80: 45 49 44 31 90 93 49 49 44 32 45 49 44 32 93 49  EID1..IID2EID2.I
    5F90: 49 44 33 45 49 44 33 70 0A 06 88 53 54 53 5F 00  ID3EID3p...STS_.
    5FA0: 00 A4 6B 7B 50 44 43 56 43 41 50 5F 50 44 43 56  ..k{PDCVCAP_PDCV
    5FB0: A0 46 05 93 43 49 4E 54 00 70 01 43 49 4E 54 A0  .F..CINT.p.CINT.
    5FC0: 26 93 7B 50 44 43 56 0A 09 00 0A 09 A0 19 92 93  &.{PDCV.........
    5FD0: 4E 50 53 53 00 5B 20 53 53 44 54 48 4E 44 4C 70  NPSS.[ SSDTHNDLp
    5FE0: 0A C0 50 45 54 45 A0 20 93 7B 50 44 43 56 0A 10  ..PETE. .{PDCV..
    5FF0: 00 0A 10 A0 13 92 93 4E 43 53 54 0A FF 5B 20 43  .......NCST..[ C
    6000: 53 44 54 43 48 44 4C A4 6B 5B 80 2F 04 5F 53 42  SDTCHDL.k[./._SB
    6010: 5F 50 43 49 30 53 42 52 47 4C 50 43 52 02 0A 80  _PCI0SBRGLPCR...
    6020: 0A 04 5B 81 48 06 5C 2F 04 5F 53 42 5F 50 43 49  ..[.H.\/._SB_PCI
    6030: 30 53 42 52 47 4C 50 43 52 01 43 41 44 52 03 00  0SBRGLPCR.CADR..
    6040: 01 43 42 44 52 03 00 01 4C 54 44 52 02 00 02 46  .CBDR...LTDR...F
    6050: 44 44 52 01 00 03 43 41 4C 45 01 43 42 4C 45 01  DDR...CALE.CBLE.
    6060: 4C 54 4C 45 01 46 44 4C 45 01 00 04 47 4C 4C 45  LTLE.FDLE...GLLE
    6070: 01 47 48 4C 45 01 4B 43 4C 45 01 4D 43 4C 45 01  .GHLE.KCLE.MCLE.
    6080: 43 31 4C 45 01 43 32 4C 45 01 00 02 14 4B 09 55  C1LE.C2LE....K.U
    6090: 58 44 56 01 70 0A FF 60 08 5F 54 5F 30 00 70 72  XDV.p..`._T_0.pr
    60A0: 68 00 00 5F 54 5F 30 A0 0C 93 5F 54 5F 30 0B F8  h.._T_0..._T_0..
    60B0: 03 70 00 60 A1 41 07 A0 0C 93 5F 54 5F 30 0B F8  .p.`.A...._T_0..
    60C0: 02 70 01 60 A1 41 06 A0 0D 93 5F 54 5F 30 0B 20  .p.`.A...._T_0. 
    60D0: 02 70 0A 02 60 A1 40 05 A0 0D 93 5F 54 5F 30 0B  .p..`.@...._T_0.
    60E0: 28 02 70 0A 03 60 A1 3F A0 0D 93 5F 54 5F 30 0B  (.p..`.?..._T_0.
    60F0: 38 02 70 0A 04 60 A1 2F A0 0D 93 5F 54 5F 30 0B  8.p..`./..._T_0.
    6100: E8 02 70 0A 05 60 A1 1F A0 0D 93 5F 54 5F 30 0B  ..p..`....._T_0.
    6110: 38 03 70 0A 06 60 A1 0F A0 0D 93 5F 54 5F 30 0B  8.p..`....._T_0.
    6120: E8 03 70 0A 07 60 A4 60 14 42 22 52 52 49 4F 04  ..p..`.`.B"RRIO.
    6130: 08 5F 54 5F 30 00 70 72 68 00 00 5F 54 5F 30 A0  ._T_0.prh.._T_0.
    6140: 2A 93 5F 54 5F 30 00 70 00 43 41 4C 45 70 55 58  *._T_0.p.CALEpUX
    6150: 44 56 6A 60 A0 0C 92 93 60 0A FF 70 60 43 41 44  DVj`....`..p`CAD
    6160: 52 A0 08 69 70 01 43 41 4C 45 A1 40 1E A0 2A 93  R..ip.CALE.@..*.
    6170: 5F 54 5F 30 01 70 00 43 42 4C 45 70 55 58 44 56  _T_0.p.CBLEpUXDV
    6180: 6A 60 A0 0C 92 93 60 0A FF 70 60 43 42 44 52 A0  j`....`..p`CBDR.
    6190: 08 69 70 01 43 42 4C 45 A1 42 1B A0 3F 93 5F 54  .ip.CBLE.B..?._T
    61A0: 5F 30 0A 02 70 00 4C 54 4C 45 A0 0C 93 6A 0B 78  _0..p.LTLE...j.x
    61B0: 03 70 00 4C 54 44 52 A0 0C 93 6A 0B 78 02 70 01  .p.LTDR...j.x.p.
    61C0: 4C 54 44 52 A0 0D 93 6A 0B BC 03 70 0A 02 4C 54  LTDR...j...p..LT
    61D0: 44 52 A0 08 69 70 01 4C 54 4C 45 A1 4F 16 A0 31  DR..ip.LTLE.O..1
    61E0: 93 5F 54 5F 30 0A 03 70 00 46 44 4C 45 A0 0C 93  ._T_0..p.FDLE...
    61F0: 6A 0B F0 03 70 00 46 44 44 52 A0 0C 93 6A 0B 70  j...p.FDDR...j.p
    6200: 03 70 01 46 44 44 52 A0 08 69 70 01 46 44 4C 45  .p.FDDR..ip.FDLE
    6210: A1 4A 13 A0 38 93 5F 54 5F 30 0A 08 A0 17 93 6A  .J..8._T_0.....j
    6220: 0B 00 02 A0 08 69 70 01 47 4C 4C 45 A1 07 70 00  .....ip.GLLE..p.
    6230: 47 4C 4C 45 A0 17 93 6A 0B 08 02 A0 08 69 70 01  GLLE...j.....ip.
    6240: 47 48 4C 45 A1 07 70 00 47 48 4C 45 A1 4E 0F A0  GHLE..p.GHLE.N..
    6250: 38 93 5F 54 5F 30 0A 09 A0 17 93 6A 0B 00 02 A0  8._T_0.....j....
    6260: 08 69 70 01 47 4C 4C 45 A1 07 70 00 47 4C 4C 45  .ip.GLLE..p.GLLE
    6270: A0 17 93 6A 0B 08 02 A0 08 69 70 01 47 48 4C 45  ...j.....ip.GHLE
    6280: A1 07 70 00 47 48 4C 45 A1 42 0C A0 24 93 5F 54  ..p.GHLE.B..$._T
    6290: 5F 30 0A 0A A0 1B 91 93 6A 0A 60 93 6A 0A 64 A0  _0......j.`.j.d.
    62A0: 08 69 70 01 4B 43 4C 45 A1 07 70 00 4B 43 4C 45  .ip.KCLE..p.KCLE
    62B0: A1 4A 09 A0 24 93 5F 54 5F 30 0A 0B A0 1B 91 93  .J..$._T_0......
    62C0: 6A 0A 62 93 6A 0A 66 A0 08 69 70 01 4D 43 4C 45  j.b.j.f..ip.MCLE
    62D0: A1 07 70 00 4D 43 4C 45 A1 42 07 A0 36 93 5F 54  ..p.MCLE.B..6._T
    62E0: 5F 30 0A 0C A0 16 93 6A 0A 2E A0 08 69 70 01 43  _0.....j....ip.C
    62F0: 31 4C 45 A1 07 70 00 43 31 4C 45 A0 16 93 6A 0A  1LE..p.C1LE...j.
    6300: 4E A0 08 69 70 01 43 32 4C 45 A1 07 70 00 43 32  N..ip.C2LE..p.C2
    6310: 4C 45 A1 38 A0 36 93 5F 54 5F 30 0A 0D A0 16 93  LE.8.6._T_0.....
    6320: 6A 0A 2E A0 08 69 70 01 43 31 4C 45 A1 07 70 00  j....ip.C1LE..p.
    6330: 43 31 4C 45 A0 16 93 6A 0A 4E A0 08 69 70 01 43  C1LE...j.N..ip.C
    6340: 32 4C 45 A1 07 70 00 43 32 4C 45 14 06 52 44 4D  2LE..p.C2LE..RDM
    6350: 41 03 10 46 09 5F 53 42 5F 10 4F 08 50 43 49 30  A..F._SB_.O.PCI0
    6360: 5B 82 47 08 48 50 45 54 08 5F 48 49 44 0C 41 D0  [.G.HPET._HID.A.
    6370: 01 03 08 43 52 53 5F 11 11 0A 0E 86 09 00 01 00  ...CRS_.........
    6380: 00 D0 FE 00 04 00 00 79 00 5B 80 48 43 4E 54 00  .......y.[.HCNT.
    6390: 48 50 54 43 0A 04 5B 81 12 48 43 4E 54 03 48 50  HPTC..[..HCNT.HP
    63A0: 54 53 02 00 05 48 50 54 45 01 14 13 5F 53 54 41  TS...HPTE..._STA
    63B0: 00 A0 08 48 50 54 45 A4 0A 0F A1 03 A4 00 14 2A  ...HPTE........*
    63C0: 5F 43 52 53 00 8A 43 52 53 5F 0A 04 48 54 42 53  _CRS..CRS_..HTBS
    63D0: 77 48 50 54 53 0B 00 10 60 72 60 0C 00 00 D0 FE  wHPTS...`r`.....
    63E0: 48 54 42 53 A4 43 52 53 5F 10 12 5F 53 42 5F 10  HTBS.CRS_.._SB_.
    63F0: 0C 50 43 49 30 14 06 5F 49 4E 49 00 08 57 4F 54  .PCI0.._INI..WOT
    6400: 42 00 08 57 53 53 42 00 08 57 41 58 42 00 14 43  B..WSSB..WAXB..C
    6410: 07 5F 50 54 53 01 70 68 44 42 47 38 A0 12 90 93  ._PTS.phDBG8....
    6420: 68 0A 04 93 4F 53 46 4C 0A 02 5B 22 0B B8 0B 50  h...OSFL..["...P
    6430: 54 53 5F 68 70 00 88 57 41 4B 50 00 00 70 00 88  TS_hp..WAKP..p..
    6440: 57 41 4B 50 01 00 70 41 53 53 42 57 53 53 42 70  WAKP..pASSBWSSBp
    6450: 41 4F 54 42 57 4F 54 42 70 41 41 58 42 57 41 58  AOTBWOTBpAAXBWAX
    6460: 42 70 68 41 53 53 42 70 4F 53 46 4C 41 4F 54 42  BphASSBpOSFLAOTB
    6470: 70 00 41 41 58 42 70 01 5C 2E 5F 53 42 5F 53 4C  p.AAXBp.\._SB_SL
    6480: 50 53 14 48 05 5F 57 41 4B 01 79 68 0A 04 44 42  PS.H._WAK.yh..DB
    6490: 47 38 57 41 4B 5F 68 A0 20 41 53 53 42 70 57 53  G8WAK_h. ASSBpWS
    64A0: 53 42 41 53 53 42 70 57 4F 54 42 41 4F 54 42 70  SBASSBpWOTBAOTBp
    64B0: 57 41 58 42 41 41 58 42 A0 12 83 88 57 41 4B 50  WAXBAAXB....WAKP
    64C0: 00 00 70 00 88 57 41 4B 50 01 00 A1 0A 70 68 88  ..p..WAKP....ph.
    64D0: 57 41 4B 50 01 00 A4 57 41 4B 50 5B 82 17 4F 4D  WAKP...WAKP[..OM
    64E0: 53 43 08 5F 48 49 44 0C 41 D0 0C 02 08 5F 55 49  SC._HID.A...._UI
    64F0: 44 0B 11 0E 5B 82 1A 2E 5F 53 42 5F 52 4D 45 4D  D...[..._SB_RMEM
    6500: 08 5F 48 49 44 0C 41 D0 0C 01 08 5F 55 49 44 01  ._HID.A...._UID.
    6510: 10 4B 7F 2E 5F 53 42 5F 50 43 49 30 5B 82 4E 7E  .K.._SB_PCI0[.N~
    6520: 47 46 58 30 08 5F 41 44 52 0C 00 00 02 00 08 4F  GFX0._ADR......O
    6530: 50 42 53 0C 00 FF FF FF 14 1E 4F 50 42 41 00 70  PBS.......OPBA.p
    6540: 41 53 4C 53 60 A0 0F 93 60 0C FF FF FF FF 70 0C  ASLS`...`.....p.
    6550: 00 00 00 FF 60 A4 60 10 24 5E 5E 50 43 49 30 5B  ....`.`.$^^PCI0[
    6560: 80 4D 43 48 50 02 0A 40 0A C0 5B 81 10 4D 43 48  .MCHP..@..[..MCH
    6570: 50 00 00 40 30 54 41 53 4D 0A 00 06 5B 80 49 47  P..@0TASM...[.IG
    6580: 44 50 02 0A 40 0A C0 5B 81 47 04 49 47 44 50 00  DP..@..[.G.IGDP.
    6590: 00 40 09 00 01 47 49 56 44 01 00 02 47 55 4D 41  .@...GIVD...GUMA
    65A0: 03 00 09 00 04 47 4D 46 4E 01 00 1B 00 40 3A 43  .....GMFN....@:C
    65B0: 44 43 54 0A 00 06 00 40 0D 47 53 53 45 01 47 53  DCT....@.GSSE.GS
    65C0: 53 42 0E 47 53 45 53 01 00 40 09 41 53 4C 53 20  SB.GSES..@.ASLS 
    65D0: 08 4D 35 31 32 0A 08 08 4D 31 47 42 0A 10 5B 80  .M512...M1GB..[.
    65E0: 49 47 44 4D 00 4F 50 42 41 0B 00 20 5B 81 44 1B  IGDM.OPBA.. [.D.
    65F0: 49 47 44 4D 00 53 49 47 4E 40 08 53 49 5A 45 20  IGDM.SIGN@.SIZE 
    6600: 4F 56 45 52 20 53 56 45 52 40 10 56 56 45 52 40  OVER SVER@.VVER@
    6610: 08 47 56 45 52 40 08 4D 42 4F 58 20 00 40 42 4B  .GVER@.MBOX .@BK
    6620: 53 56 30 20 4B 53 56 31 08 00 48 05 49 42 54 54  SV0 KSV1..H.IBTT
    6630: 08 49 50 53 43 08 49 50 41 54 08 49 42 49 41 08  .IPSC.IPAT.IBIA.
    6640: 49 42 4C 43 08 49 54 56 46 04 49 54 56 4D 04 49  IBLC.ITVF.ITVM.I
    6650: 44 56 4D 08 49 44 56 53 08 49 53 53 43 08 00 38  DVM.IDVS.ISSC..8
    6660: 44 52 44 59 20 43 53 54 53 20 43 45 56 54 20 00  DRDY CSTS CEVT .
    6670: 40 0A 44 49 44 4C 20 44 44 4C 32 20 44 44 4C 33  @.DIDL DDL2 DDL3
    6680: 20 44 44 4C 34 20 44 44 4C 35 20 44 44 4C 36 20   DDL4 DDL5 DDL6 
    6690: 44 44 4C 37 20 44 44 4C 38 20 43 50 44 4C 20 43  DDL7 DDL8 CPDL C
    66A0: 50 4C 32 20 43 50 4C 33 20 43 50 4C 34 20 43 50  PL2 CPL3 CPL4 CP
    66B0: 4C 35 20 43 50 4C 36 20 43 50 4C 37 20 43 50 4C  L5 CPL6 CPL7 CPL
    66C0: 38 20 43 41 44 4C 20 43 41 4C 32 20 43 41 4C 33  8 CADL CAL2 CAL3
    66D0: 20 43 41 4C 34 20 43 41 4C 35 20 43 41 4C 36 20   CAL4 CAL5 CAL6 
    66E0: 43 41 4C 37 20 43 41 4C 38 20 4E 41 44 4C 20 4E  CAL7 CAL8 NADL N
    66F0: 44 4C 32 20 4E 44 4C 33 20 4E 44 4C 34 20 4E 44  DL2 NDL3 NDL4 ND
    6700: 4C 35 20 4E 44 4C 36 20 4E 44 4C 37 20 4E 44 4C  L5 NDL6 NDL7 NDL
    6710: 38 20 41 53 4C 50 20 54 49 44 58 20 43 48 50 44  8 ASLP TIDX CHPD
    6720: 20 43 4C 49 44 20 43 44 43 4B 20 53 58 53 57 20   CLID CDCK SXSW 
    6730: 45 56 54 53 20 43 4E 4F 54 20 4E 52 44 59 20 00  EVTS CNOT NRDY .
    6740: 40 1E 53 43 49 45 01 47 45 46 43 04 47 58 46 43  @.SCIE.GEFC.GXFC
    6750: 03 47 45 53 46 08 00 10 50 41 52 4D 20 44 53 4C  .GESF...PARM DSL
    6760: 50 20 00 40 7A 41 52 44 59 20 41 53 4C 43 20 54  P .@zARDY ASLC T
    6770: 43 48 45 20 41 4C 53 49 20 42 43 4C 50 20 50 46  CHE ALSI BCLP PF
    6780: 49 54 20 43 42 4C 56 20 42 43 4C 4D 40 14 43 50  IT CBLV BCLM@.CP
    6790: 46 4D 20 45 50 46 4D 20 00 40 5A 47 56 44 31 80  FM EPFM .@ZGVD1.
    67A0: 00 0E 5B 80 54 43 4F 49 01 54 4F 42 53 0A 08 5B  ..[.TCOI.TOBS..[
    67B0: 81 11 54 43 4F 49 02 00 20 00 09 53 43 49 53 01  ..TCOI.. ..SCIS.
    67C0: 00 06 08 44 42 54 42 12 32 15 00 0A 07 0A 38 0B  ...DBTB.2.....8.
    67D0: C0 01 0B 00 0E 0A 3F 0B C7 01 0B 07 0E 0B F8 01  ......?.........
    67E0: 0B 38 0E 0B C0 0F 00 00 00 00 00 0B 00 70 0B 07  .8...........p..
    67F0: 70 0B 38 70 0B C0 71 0B 00 7E 14 45 04 47 53 43  p.8p..q..~.E.GSC
    6800: 49 00 A0 11 93 47 45 46 43 0A 04 70 47 42 44 41  I....GEFC..pGBDA
    6810: 47 58 46 43 A0 11 93 47 45 46 43 0A 06 70 53 42  GXFC...GEFC..pSB
    6820: 43 42 47 58 46 43 70 01 53 43 49 53 70 00 47 45  CBGXFCp.SCISp.GE
    6830: 46 43 70 00 47 53 53 45 70 00 53 43 49 45 A4 00  FCp.GSSEp.SCIE..
    6840: 14 42 1F 47 42 44 41 00 A0 1A 93 47 45 53 46 00  .B.GBDA....GESF.
    6850: 70 0B 79 06 50 41 52 4D 70 00 47 45 53 46 A4 53  p.y.PARMp.GESF.S
    6860: 55 43 43 A0 1A 93 47 45 53 46 01 70 0B 40 02 50  UCC...GESF.p.@.P
    6870: 41 52 4D 70 00 47 45 53 46 A4 53 55 43 43 A0 47  ARMp.GESF.SUCC.G
    6880: 04 93 47 45 53 46 0A 04 7B 50 41 52 4D 0C 00 00  ..GESF..{PARM...
    6890: FF EF 50 41 52 4D 7B 50 41 52 4D 79 83 88 44 42  ..PARM{PARMy..DB
    68A0: 54 42 49 42 54 54 00 0A 10 00 50 41 52 4D 7D 49  TBIBTT....PARM}I
    68B0: 42 54 54 50 41 52 4D 50 41 52 4D 70 00 47 45 53  BTTPARMPARMp.GES
    68C0: 46 A4 53 55 43 43 A0 4A 06 93 47 45 53 46 0A 05  F.SUCC.J..GESF..
    68D0: 70 49 50 53 43 50 41 52 4D 7D 50 41 52 4D 79 49  pIPSCPARM}PARMyI
    68E0: 50 41 54 0A 08 00 50 41 52 4D 72 50 41 52 4D 0B  PAT...PARMrPARM.
    68F0: 00 01 50 41 52 4D 7D 50 41 52 4D 79 4C 44 53 54  ..PARM}PARMyLDST
    6900: 0A 10 00 50 41 52 4D 7F 50 41 52 4D 0C 00 00 01  ...PARM.PARM....
    6910: 00 50 41 52 4D 7D 50 41 52 4D 79 49 42 49 41 0A  .PARM}PARMyIBIA.
    6920: 14 00 50 41 52 4D 70 00 47 45 53 46 A4 53 55 43  ..PARMp.GESF.SUC
    6930: 43 A0 2D 93 47 45 53 46 0A 06 70 49 54 56 46 50  C.-.GESF..pITVFP
    6940: 41 52 4D 7D 50 41 52 4D 79 49 54 56 4D 0A 04 00  ARM}PARMyITVM...
    6950: 50 41 52 4D 70 00 47 45 53 46 A4 53 55 43 43 A0  PARMp.GESF.SUCC.
    6960: 4D 07 93 47 45 53 46 0A 07 08 4D 45 4D 53 0A 0D  M..GESF...MEMS..
    6970: 70 47 49 56 44 50 41 52 4D 7F 50 41 52 4D 01 50  pGIVDPARM.PARM.P
    6980: 41 52 4D 7D 50 41 52 4D 79 47 4D 46 4E 01 00 50  ARM}PARMyGMFN..P
    6990: 41 52 4D 7D 50 41 52 4D 0B 00 18 50 41 52 4D 7D  ARM}PARM...PARM}
    69A0: 79 43 44 43 54 0A 15 00 50 41 52 4D 50 41 52 4D  yCDCT...PARMPARM
    69B0: A0 0E 93 49 44 56 4D 01 70 0A 11 4D 45 4D 53 7D  ...IDVM.p..MEMS}
    69C0: 50 41 52 4D 79 49 44 56 53 4D 45 4D 53 00 50 41  PARMyIDVSMEMS.PA
    69D0: 52 4D 70 01 47 45 53 46 A4 53 55 43 43 A0 2A 93  RMp.GESF.SUCC.*.
    69E0: 47 45 53 46 0A 0A 70 00 50 41 52 4D A0 10 49 53  GESF..p.PARM..IS
    69F0: 53 43 7D 50 41 52 4D 0A 03 50 41 52 4D 70 00 47  SC}PARM..PARMp.G
    6A00: 45 53 46 A4 53 55 43 43 A0 1F 93 47 45 53 46 0A  ESF.SUCC...GESF.
    6A10: 0B 70 4B 53 56 30 50 41 52 4D 70 4B 53 56 31 47  .pKSV0PARMpKSV1G
    6A20: 45 53 46 A4 53 55 43 43 70 00 47 45 53 46 A4 43  ESF.SUCCp.GESF.C
    6A30: 52 49 54 14 46 2A 53 42 43 42 00 A0 19 93 47 45  RIT.F*SBCB....GE
    6A40: 53 46 00 70 0A 20 50 41 52 4D 70 00 47 45 53 46  SF.p. PARMp.GESF
    6A50: A4 53 55 43 43 A0 18 93 47 45 53 46 01 70 00 47  .SUCC...GESF.p.G
    6A60: 45 53 46 70 00 50 41 52 4D A4 53 55 43 43 A0 19  ESFp.PARM.SUCC..
    6A70: 93 47 45 53 46 0A 03 70 00 47 45 53 46 70 00 50  .GESF..p.GESFp.P
    6A80: 41 52 4D A4 53 55 43 43 A0 19 93 47 45 53 46 0A  ARM.SUCC...GESF.
    6A90: 04 70 00 47 45 53 46 70 00 50 41 52 4D A4 53 55  .p.GESFp.PARM.SU
    6AA0: 43 43 A0 19 93 47 45 53 46 0A 05 70 00 47 45 53  CC...GESF..p.GES
    6AB0: 46 70 00 50 41 52 4D A4 53 55 43 43 A0 3C 93 47  Fp.PARM.SUCC.<.G
    6AC0: 45 53 46 0A 06 7A 50 41 52 4D 0A 1C 60 A0 1A 93  ESF..zPARM..`...
    6AD0: 60 00 7B 50 41 52 4D 0A 0F 49 54 56 46 7B 50 41  `.{PARM..ITVF{PA
    6AE0: 52 4D 0A F0 49 54 56 4D 70 00 47 45 53 46 70 00  RM..ITVMp.GESFp.
    6AF0: 50 41 52 4D A4 53 55 43 43 A0 19 93 47 45 53 46  PARM.SUCC...GESF
    6B00: 0A 07 70 00 47 45 53 46 70 00 50 41 52 4D A4 53  ..p.GESFp.PARM.S
    6B10: 55 43 43 A0 19 93 47 45 53 46 0A 08 70 00 47 45  UCC...GESF..p.GE
    6B20: 53 46 70 00 50 41 52 4D A4 53 55 43 43 A0 24 93  SFp.PARM.SUCC.$.
    6B30: 47 45 53 46 0A 09 7B 50 41 52 4D 0A FF 49 42 54  GESF..{PARM..IBT
    6B40: 54 70 00 47 45 53 46 70 00 50 41 52 4D A4 53 55  Tp.GESFp.PARM.SU
    6B50: 43 43 A0 42 06 93 47 45 53 46 0A 0A 7A 50 41 52  CC.B..GESF..zPAR
    6B60: 4D 0A 1C 60 A0 3F 93 60 00 7B 50 41 52 4D 0A FF  M..`.?.`.{PARM..
    6B70: 49 50 53 43 74 7B 7A 50 41 52 4D 0A 08 00 0A FF  IPSCt{zPARM.....
    6B80: 00 01 49 50 41 54 7B 7A 50 41 52 4D 0A 12 00 0A  ..IPAT{zPARM....
    6B90: 03 49 42 4C 43 7B 7A 50 41 52 4D 0A 14 00 0A 07  .IBLC{zPARM.....
    6BA0: 49 42 49 41 70 00 47 45 53 46 70 00 50 41 52 4D  IBIAp.GESFp.PARM
    6BB0: A4 53 55 43 43 A0 42 06 93 47 45 53 46 0A 0B A0  .SUCC.B..GESF...
    6BC0: 47 04 93 7B 7A 50 41 52 4D 0A 0B 00 0A 03 00 0A  G..{zPARM.......
    6BD0: 02 7B 7A 50 41 52 4D 0A 0D 00 0A 0F 60 7B 7A 50  .{zPARM.....`{zP
    6BE0: 41 52 4D 0A 11 00 0A 0F 61 A0 0E 60 70 00 49 44  ARM.....a..`p.ID
    6BF0: 56 4D 70 60 49 44 56 53 A0 0E 61 70 01 49 44 56  VMp`IDVS..ap.IDV
    6C00: 4D 70 61 49 44 56 53 70 00 47 45 53 46 70 00 50  MpaIDVSp.GESFp.P
    6C10: 41 52 4D A4 53 55 43 43 A0 19 93 47 45 53 46 0A  ARM.SUCC...GESF.
    6C20: 10 70 00 47 45 53 46 70 00 50 41 52 4D A4 53 55  .p.GESFp.PARM.SU
    6C30: 43 43 A0 38 93 47 45 53 46 0A 11 70 79 4C 44 53  CC.8.GESF..pyLDS
    6C40: 54 0A 08 00 50 41 52 4D 72 50 41 52 4D 0B 00 01  T...PARMrPARM...
    6C50: 50 41 52 4D 7C 50 41 52 4D 0B 00 02 50 41 52 4D  PARM|PARM...PARM
    6C60: 70 00 47 45 53 46 A4 53 55 43 43 A0 49 04 93 47  p.GESF.SUCC.I..G
    6C70: 45 53 46 0A 12 A0 26 7B 50 41 52 4D 01 00 A0 10  ESF...&{PARM....
    6C80: 93 7A 50 41 52 4D 01 00 01 70 01 49 53 53 43 A1  .zPARM...p.ISSC.
    6C90: 0C 70 00 47 45 53 46 A4 43 52 49 54 A1 07 70 00  .p.GESF.CRIT..p.
    6CA0: 49 53 53 43 70 00 47 45 53 46 70 00 50 41 52 4D  ISSCp.GESFp.PARM
    6CB0: A4 53 55 43 43 A0 19 93 47 45 53 46 0A 13 70 00  .SUCC...GESF..p.
    6CC0: 47 45 53 46 70 00 50 41 52 4D A4 53 55 43 43 70  GESFp.PARM.SUCCp
    6CD0: 00 47 45 53 46 A4 53 55 43 43 14 15 4F 50 54 53  .GESF.SUCC..OPTS
    6CE0: 01 A0 0E 93 68 0A 03 70 41 53 4C 53 4F 50 42 53  ....h..pASLSOPBS
    6CF0: 14 1B 4F 57 41 4B 01 A0 14 93 68 0A 03 70 4F 50  ..OWAK....h..pOP
    6D00: 42 53 41 53 4C 53 70 01 47 53 45 53 10 1F 5F 47  BSASLSp.GSES.._G
    6D10: 50 45 14 19 5F 4C 30 36 00 5C 2F 04 5F 53 42 5F  PE.._L06.\/._SB_
    6D20: 50 43 49 30 47 46 58 30 47 53 43 49 10 40 07 5F  PCI0GFX0GSCI.@._
    6D30: 53 42 5F 14 49 06 5F 4F 53 43 04 A0 41 06 93 68  SB_.I._OSC..A..h
    6D40: 11 13 0A 10 0C 5E 85 ED 90 6C BF 47 A6 2A 26 DE  .....^...l.G.*&.
    6D50: 0F C5 AD 5C 8A 6B 00 43 44 57 31 8A 6B 0A 04 43  ...\.k.CDW1.k..C
    6D60: 44 57 32 8A 6B 0A 08 43 44 57 33 08 53 55 50 50  DW2.k..CDW3.SUPP
    6D70: 00 08 43 54 52 4C 00 70 43 44 57 32 53 55 50 50  ..CTRL.pCDW2SUPP
    6D80: 70 43 44 57 33 43 54 52 4C A0 0A 7B 53 55 50 50  pCDW3CTRL..{SUPP
    6D90: 01 00 A4 6B A4 7D 53 55 50 50 0A 04 00 10 41 06  ...k.}SUPP....A.
    6DA0: 5F 53 42 5F 5B 80 53 4D 49 52 01 49 54 4B 4D 0A  _SB_[.SMIR.ITKM.
    6DB0: 08 5B 81 18 53 4D 49 52 01 00 01 00 03 53 45 5F  .[..SMIR.....SE_
    6DC0: 5F 01 00 1B 00 04 53 53 5F 5F 01 14 20 49 54 4B  _.....SS__.. ITK
    6DD0: 53 01 70 01 53 53 5F 5F A0 0B 93 68 0A 05 70 01  S.p.SS__...h..p.
    6DE0: 53 45 5F 5F A1 07 70 00 53 45 5F 5F 14 12 49 54  SE__..p.SE__..IT
    6DF0: 4B 57 01 70 00 53 45 5F 5F 70 01 53 53 5F 5F 10  KW.p.SE__p.SS__.
    6E00: 4F 0E 5F 53 42 5F 08 4C 55 43 44 11 41 08 0A 7D  O._SB_.LUCD.A..}
    6E10: 00 00 00 00 00 00 00 00 00 00 00 00 00 00 00 00  ................
    6E20: 00 00 00 00 00 00 00 00 00 00 00 00 00 00 00 00  ................
    6E30: 00 00 00 00 00 00 00 00 00 00 00 00 00 00 00 00  ................
    6E40: 00 00 00 00 00 00 00 00 00 00 00 00 00 00 00 00  ................
    6E50: 00 00 00 00 00 00 00 00 00 00 00 00 00 00 00 00  ................
    6E60: 00 00 00 00 00 00 00 00 00 00 00 00 00 00 00 00  ................
    6E70: 00 00 00 00 00 00 00 00 00 00 00 00 00 00 00 00  ................
    6E80: 00 00 00 00 00 00 00 00 00 00 00 00 00 10 41 06  ..............A.
    6E90: 50 43 49 30 10 2E 47 42 45 5F 14 0F 5F 50 52 57  PCI0..GBE_.._PRW
    6EA0: 00 A4 47 50 52 57 0A 0D 0A 04 5B 80 41 41 41 41  ..GPRW....[.AAAA
    6EB0: 02 0A CD 01 5B 81 0D 41 41 41 41 01 00 07 47 42  ....[..AAAA...GB
    6EC0: 45 53 01 10 15 45 55 53 42 14 0F 5F 50 52 57 00  ES...EUSB.._PRW.
    6ED0: A4 47 50 52 57 0A 0D 0A 03 10 15 55 53 42 45 14  .GPRW......USBE.
    6EE0: 0F 5F 50 52 57 00 A4 47 50 52 57 0A 0D 0A 03 10  ._PRW..GPRW.....
    6EF0: 48 06 5F 47 50 45 14 41 06 5F 4C 30 44 00 A0 26  H._GPE.A._L0D..&
    6F00: 5C 2F 04 5F 53 42 5F 50 43 49 30 47 42 45 5F 47  \/._SB_PCI0GBE_G
    6F10: 42 45 53 86 5C 2F 03 5F 53 42 5F 50 43 49 30 47  BES.\/._SB_PCI0G
    6F20: 42 45 5F 0A 02 A1 32 86 5C 2F 03 5F 53 42 5F 50  BE_...2.\/._SB_P
    6F30: 43 49 30 55 53 42 45 0A 02 86 5C 2F 03 5F 53 42  CI0USBE...\/._SB
    6F40: 5F 50 43 49 30 45 55 53 42 0A 02 86 5C 2E 5F 53  _PCI0EUSB...\._S
    6F50: 42 5F 50 57 52 42 0A 02 08 5F 53 30 5F 12 06 04  B_PWRB..._S0_...
    6F60: 00 00 00 00 A0 12 53 53 33 5F 08 5F 53 33 5F 12  ......SS3_._S3_.
    6F70: 07 04 0A 05 00 00 00 A0 12 53 53 34 5F 08 5F 53  .........SS4_._S
    6F80: 34 5F 12 07 04 0A 06 00 00 00 08 5F 53 35 5F 12  4_........._S5_.
    6F90: 07 04 0A 07 00 00 00 14 4B 0F 50 54 53 5F 01 A0  ........K.PTS_..
    6FA0: 43 0F 68 5C 2F 04 5F 53 42 5F 50 43 49 30 53 42  C.h\/._SB_PCI0SB
    6FB0: 52 47 53 50 54 53 68 5C 2F 04 5F 53 42 5F 50 43  RGSPTSh\/._SB_PC
    6FC0: 49 30 53 42 52 47 49 4F 4B 53 68 5C 2F 04 5F 53  I0SBRGIOKSh\/._S
    6FD0: 42 5F 50 43 49 30 50 45 58 30 53 50 52 54 68 5C  B_PCI0PEX0SPRTh\
    6FE0: 2F 04 5F 53 42 5F 50 43 49 30 50 45 58 31 53 50  /._SB_PCI0PEX1SP
    6FF0: 52 54 68 5C 2F 04 5F 53 42 5F 50 43 49 30 50 45  RTh\/._SB_PCI0PE
    7000: 58 32 53 50 52 54 68 5C 2F 04 5F 53 42 5F 50 43  X2SPRTh\/._SB_PC
    7010: 49 30 50 45 58 33 53 50 52 54 68 5C 2F 04 5F 53  I0PEX3SPRTh\/._S
    7020: 42 5F 50 43 49 30 50 45 58 34 53 50 52 54 68 5C  B_PCI0PEX4SPRTh\
    7030: 2F 04 5F 53 42 5F 50 43 49 30 50 45 58 35 53 50  /._SB_PCI0PEX5SP
    7040: 52 54 68 5C 2F 04 5F 53 42 5F 50 43 49 30 50 45  RTh\/._SB_PCI0PE
    7050: 58 36 53 50 52 54 68 5C 2F 04 5F 53 42 5F 50 43  X6SPRTh\/._SB_PC
    7060: 49 30 50 45 58 37 53 50 52 54 68 5C 2F 04 5F 53  I0PEX7SPRTh\/._S
    7070: 42 5F 50 43 49 30 47 46 58 30 4F 50 54 53 68 5C  B_PCI0GFX0OPTSh\
    7080: 2F 04 5F 53 42 5F 50 43 49 30 53 42 52 47 53 49  /._SB_PCI0SBRGSI
    7090: 4F 53 68 14 4F 2D 57 41 4B 5F 01 5C 2F 04 5F 53  OSh.O-WAK_.\/._S
    70A0: 42 5F 50 43 49 30 53 42 52 47 53 57 41 4B 68 5C  B_PCI0SBRGSWAKh\
    70B0: 2F 04 5F 53 42 5F 50 43 49 30 53 42 52 47 49 4F  /._SB_PCI0SBRGIO
    70C0: 4B 57 68 A0 3A 5C 2F 04 5F 53 42 5F 50 43 49 30  KWh.:\/._SB_PCI0
    70D0: 50 45 58 30 50 4D 53 5F 5C 2F 04 5F 53 42 5F 50  PEX0PMS_\/._SB_P
    70E0: 43 49 30 50 45 58 30 57 50 52 54 68 86 5C 2F 03  CI0PEX0WPRTh.\/.
    70F0: 5F 53 42 5F 50 43 49 30 50 45 58 30 0A 02 A1 15  _SB_PCI0PEX0....
    7100: 5C 2F 04 5F 53 42 5F 50 43 49 30 50 45 58 30 57  \/._SB_PCI0PEX0W
    7110: 50 52 54 68 A0 3A 5C 2F 04 5F 53 42 5F 50 43 49  PRTh.:\/._SB_PCI
    7120: 30 50 45 58 31 50 4D 53 5F 5C 2F 04 5F 53 42 5F  0PEX1PMS_\/._SB_
    7130: 50 43 49 30 50 45 58 31 57 50 52 54 68 86 5C 2F  PCI0PEX1WPRTh.\/
    7140: 03 5F 53 42 5F 50 43 49 30 50 45 58 31 0A 02 A1  ._SB_PCI0PEX1...
    7150: 15 5C 2F 04 5F 53 42 5F 50 43 49 30 50 45 58 31  .\/._SB_PCI0PEX1
    7160: 57 50 52 54 68 A0 3A 5C 2F 04 5F 53 42 5F 50 43  WPRTh.:\/._SB_PC
    7170: 49 30 50 45 58 32 50 4D 53 5F 5C 2F 04 5F 53 42  I0PEX2PMS_\/._SB
    7180: 5F 50 43 49 30 50 45 58 32 57 50 52 54 68 86 5C  _PCI0PEX2WPRTh.\
    7190: 2F 03 5F 53 42 5F 50 43 49 30 50 45 58 32 0A 02  /._SB_PCI0PEX2..
    71A0: A1 15 5C 2F 04 5F 53 42 5F 50 43 49 30 50 45 58  ..\/._SB_PCI0PEX
    71B0: 32 57 50 52 54 68 A0 3A 5C 2F 04 5F 53 42 5F 50  2WPRTh.:\/._SB_P
    71C0: 43 49 30 50 45 58 33 50 4D 53 5F 5C 2F 04 5F 53  CI0PEX3PMS_\/._S
    71D0: 42 5F 50 43 49 30 50 45 58 33 57 50 52 54 68 86  B_PCI0PEX3WPRTh.
    71E0: 5C 2F 03 5F 53 42 5F 50 43 49 30 50 45 58 33 0A  \/._SB_PCI0PEX3.
    71F0: 02 A1 15 5C 2F 04 5F 53 42 5F 50 43 49 30 50 45  ...\/._SB_PCI0PE
    7200: 58 33 57 50 52 54 68 A0 3A 5C 2F 04 5F 53 42 5F  X3WPRTh.:\/._SB_
    7210: 50 43 49 30 50 45 58 34 50 4D 53 5F 5C 2F 04 5F  PCI0PEX4PMS_\/._
    7220: 53 42 5F 50 43 49 30 50 45 58 34 57 50 52 54 68  SB_PCI0PEX4WPRTh
    7230: 86 5C 2F 03 5F 53 42 5F 50 43 49 30 50 45 58 34  .\/._SB_PCI0PEX4
    7240: 0A 02 A1 15 5C 2F 04 5F 53 42 5F 50 43 49 30 50  ....\/._SB_PCI0P
    7250: 45 58 34 57 50 52 54 68 A0 3A 5C 2F 04 5F 53 42  EX4WPRTh.:\/._SB
    7260: 5F 50 43 49 30 50 45 58 35 50 4D 53 5F 5C 2F 04  _PCI0PEX5PMS_\/.
    7270: 5F 53 42 5F 50 43 49 30 50 45 58 35 57 50 52 54  _SB_PCI0PEX5WPRT
    7280: 68 86 5C 2F 03 5F 53 42 5F 50 43 49 30 50 45 58  h.\/._SB_PCI0PEX
    7290: 35 0A 02 A1 15 5C 2F 04 5F 53 42 5F 50 43 49 30  5....\/._SB_PCI0
    72A0: 50 45 58 35 57 50 52 54 68 A0 3A 5C 2F 04 5F 53  PEX5WPRTh.:\/._S
    72B0: 42 5F 50 43 49 30 50 45 58 36 50 4D 53 5F 5C 2F  B_PCI0PEX6PMS_\/
    72C0: 04 5F 53 42 5F 50 43 49 30 50 45 58 36 57 50 52  ._SB_PCI0PEX6WPR
    72D0: 54 68 86 5C 2F 03 5F 53 42 5F 50 43 49 30 50 45  Th.\/._SB_PCI0PE
    72E0: 58 36 0A 02 A1 15 5C 2F 04 5F 53 42 5F 50 43 49  X6....\/._SB_PCI
    72F0: 30 50 45 58 36 57 50 52 54 68 A0 3A 5C 2F 04 5F  0PEX6WPRTh.:\/._
    7300: 53 42 5F 50 43 49 30 50 45 58 37 50 4D 53 5F 5C  SB_PCI0PEX7PMS_\
    7310: 2F 04 5F 53 42 5F 50 43 49 30 50 45 58 37 57 50  /._SB_PCI0PEX7WP
    7320: 52 54 68 86 5C 2F 03 5F 53 42 5F 50 43 49 30 50  RTh.\/._SB_PCI0P
    7330: 45 58 37 0A 02 A1 15 5C 2F 04 5F 53 42 5F 50 43  EX7....\/._SB_PC
    7340: 49 30 50 45 58 37 57 50 52 54 68 5C 2F 04 5F 53  I0PEX7WPRTh\/._S
    7350: 42 5F 50 43 49 30 47 46 58 30 4F 57 41 4B 68 5C  B_PCI0GFX0OWAKh\
    7360: 2F 04 5F 53 42 5F 50 43 49 30 53 42 52 47 53 49  /._SB_PCI0SBRGSI
    7370: 4F 57 68                                         OWh

HEST @ 0x0000000000000000
    0000: 48 45 53 54 A8 00 00 00 01 6E 49 4E 54 45 4C 20  HEST.....nINTEL 
    0010: 53 31 32 30 30 4B 50 52 23 00 00 00 00 00 00 00  S1200KPR#.......
    0020: 00 00 00 00 02 00 00 00 09 00 00 00 FF FF 03 01  ................
    0030: 01 00 00 00 01 00 00 00 9D 00 00 00 00 40 00 04  .............@..
    0040: 18 20 3B E7 00 00 00 00 04 1C 00 00 00 00 00 00  . ;.............
    0050: 02 00 00 00 00 00 00 00 00 00 00 00 00 00 00 00  ................
    0060: 00 00 00 00 9D 00 00 00 09 00 01 00 FF FF 03 01  ................
    0070: 01 00 00 00 01 00 00 00 9D 00 00 00 00 40 00 04  .............@..
    0080: C0 20 3B E7 00 00 00 00 00 1C 3E 00 00 00 00 00  . ;.......>.....
    0090: 02 00 00 00 00 00 00 00 00 00 00 00 00 00 00 00  ................
    00A0: 00 00 00 00 9D 00 00 00                          ........

BERT @ 0x0000000000000000
    0000: 42 45 52 54 30 00 00 00 01 B2 49 4E 54 45 4C 20  BERT0.....INTEL 
    0010: 53 31 32 30 30 4B 50 52 23 00 00 00 00 00 00 00  S1200KPR#.......
    0020: 00 00 00 00 14 00 00 00 98 5C 3F E7 00 00 00 00  .........\?.....

FACP @ 0x0000000000000000
    0000: 46 41 43 50 F4 00 00 00 04 2A 49 4E 54 45 4C 20  FACP.....*INTEL 
    0010: 53 31 32 30 30 4B 50 52 23 00 00 00 41 4D 49 20  S1200KPR#...AMI 
    0020: 13 00 01 00 80 EF 3E E7 00 B2 16 E7 01 03 09 00  ......>.........
    0030: B2 00 00 00 A0 A1 00 00 00 04 00 00 00 00 00 00  ................
    0040: 04 04 00 00 00 00 00 00 50 04 00 00 08 04 00 00  ........P.......
    0050: 20 04 00 00 00 00 00 00 04 02 01 04 10 00 00 00   ...............
    0060: 65 00 E9 03 00 04 10 00 01 03 0D 00 32 02 00 00  e...........2...
    0070: A5 84 03 00 01 08 00 00 F9 0C 00 00 00 00 00 00  ................
    0080: 06 00 00 00 00 00 00 00 00 00 00 00 00 B2 16 E7  ................
    0090: 00 00 00 00 01 20 00 00 00 04 00 00 00 00 00 00  ..... ..........
    00A0: 01 00 00 00 00 00 00 00 00 00 00 00 01 10 00 00  ................
    00B0: 04 04 00 00 00 00 00 00 01 00 00 00 00 00 00 00  ................
    00C0: 00 00 00 00 01 08 00 00 50 04 00 00 00 00 00 00  ........P.......
    00D0: 01 20 00 00 08 04 00 00 00 00 00 00 01 80 00 00  . ..............
    00E0: 20 04 00 00 00 00 00 00 01 00 00 00 00 00 00 00   ...............
    00F0: 00 00 00 00                                      ....

HPET @ 0x0000000000000000
    0000: 48 50 45 54 38 00 00 00 01 4E 49 4E 54 45 4C 20  HPET8....NINTEL 
    0010: 53 31 32 30 30 4B 50 52 23 00 00 00 41 4D 49 2E  S1200KPR#...AMI.
    0020: 04 00 00 00 01 A7 86 80 00 00 00 00 00 00 D0 FE  ................
    0030: 00 00 00 00 00 01 00 00                          ........

FACS @ 0x0000000000000000
    0000: 46 41 43 53 40 00 00 00 00 00 00 00 00 00 00 00  FACS@...........
    0010: 00 00 00 00 00 00 00 00 00 00 00 00 00 00 00 00  ................
    0020: 02 00 00 00 00 00 00 00 00 00 00 00 00 00 00 00  ................
    0030: 00 00 00 00 00 00 00 00 00 00 00 00 00 00 00 00  ................

SSDT @ 0x0000000000000000
    0000: 53 53 44 54 E0 03 00 00 01 3E 41 4D 49 00 00 00  SSDT.....>AMI...
    0010: 49 53 54 00 00 00 00 00 01 00 00 00 4D 53 46 54  IST.........MSFT
    0020: 01 00 00 03 10 4E 0E 5C 2E 5F 53 42 5F 50 30 30  .....N.\._SB_P00
    0030: 30 08 5F 50 43 54 12 2C 02 11 14 0A 11 82 0C 00  0._PCT.,........
    0040: 7F 40 00 00 99 01 00 00 00 00 00 00 79 00 11 14  .@..........y...
    0050: 0A 11 82 0C 00 7F 10 00 00 98 01 00 00 00 00 00  ................
    0060: 00 79 00 14 0B 5F 50 53 53 00 A4 41 50 53 53 14  .y..._PSS..APSS.
    0070: 0C 5F 50 50 43 00 A4 5C 50 53 54 45 08 5F 50 53  ._PPC..\PSTE._PS
    0080: 44 12 0F 01 12 0C 05 0A 05 0A 00 0A 00 0A FE 0A  D...............
    0090: 04 14 0C 5F 54 50 43 00 A4 5C 54 53 54 45 14 44  ..._TPC..\TSTE.D
    00A0: 04 5F 50 54 43 00 A0 37 7B 50 44 43 56 0A 04 00  ._PTC..7{PDCV...
    00B0: A4 12 2C 02 11 14 0A 11 82 0C 00 7F 00 00 00 00  ..,.............
    00C0: 00 00 00 00 00 00 00 79 00 11 14 0A 11 82 0C 00  .......y........
    00D0: 7F 00 00 00 00 00 00 00 00 00 00 00 79 00 A4 50  ............y..P
    00E0: 54 43 49 14 1A 5F 54 53 53 00 A0 0E 7B 50 44 43  TCI.._TSS...{PDC
    00F0: 56 0A 04 00 A4 54 53 53 4D A4 54 53 53 49 08 5F  V....TSSM.TSSI._
    0100: 54 53 44 12 0F 01 12 0C 05 0A 05 0A 00 0A 00 0A  TSD.............
    0110: FE 0A 04 10 4E 0E 5C 2E 5F 53 42 5F 50 30 30 31  ....N.\._SB_P001
    0120: 08 5F 50 43 54 12 2C 02 11 14 0A 11 82 0C 00 7F  ._PCT.,.........
    0130: 40 00 00 99 01 00 00 00 00 00 00 79 00 11 14 0A  @..........y....
    0140: 11 82 0C 00 7F 10 00 00 98 01 00 00 00 00 00 00  ................
    0150: 79 00 14 0B 5F 50 53 53 00 A4 41 50 53 53 14 0C  y..._PSS..APSS..
    0160: 5F 50 50 43 00 A4 5C 50 53 54 45 08 5F 50 53 44  _PPC..\PSTE._PSD
    0170: 12 0F 01 12 0C 05 0A 05 0A 00 0A 00 0A FE 0A 04  ................
    0180: 14 0C 5F 54 50 43 00 A4 5C 54 53 54 45 14 44 04  .._TPC..\TSTE.D.
    0190: 5F 50 54 43 00 A0 37 7B 50 44 43 56 0A 04 00 A4  _PTC..7{PDCV....
    01A0: 12 2C 02 11 14 0A 11 82 0C 00 7F 00 00 00 00 00  .,..............
    01B0: 00 00 00 00 00 00 79 00 11 14 0A 11 82 0C 00 7F  ......y.........
    01C0: 00 00 00 00 00 00 00 00 00 00 00 79 00 A4 50 54  ...........y..PT
    01D0: 43 49 14 1A 5F 54 53 53 00 A0 0E 7B 50 44 43 56  CI.._TSS...{PDCV
    01E0: 0A 04 00 A4 54 53 53 4D A4 54 53 53 49 08 5F 54  ....TSSM.TSSI._T
    01F0: 53 44 12 0F 01 12 0C 05 0A 05 0A 00 0A 00 0A FE  SD..............
    0200: 0A 04 10 4E 0E 5C 2E 5F 53 42 5F 50 30 30 32 08  ...N.\._SB_P002.
    0210: 5F 50 43 54 12 2C 02 11 14 0A 11 82 0C 00 7F 40  _PCT.,.........@
    0220: 00 00 99 01 00 00 00 00 00 00 79 00 11 14 0A 11  ..........y.....
    0230: 82 0C 00 7F 10 00 00 98 01 00 00 00 00 00 00 79  ...............y
    0240: 00 14 0B 5F 50 53 53 00 A4 41 50 53 53 14 0C 5F  ..._PSS..APSS.._
    0250: 50 50 43 00 A4 5C 50 53 54 45 08 5F 50 53 44 12  PPC..\PSTE._PSD.
    0260: 0F 01 12 0C 05 0A 05 0A 00 0A 00 0A FE 0A 04 14  ................
    0270: 0C 5F 54 50 43 00 A4 5C 54 53 54 45 14 44 04 5F  ._TPC..\TSTE.D._
    0280: 50 54 43 00 A0 37 7B 50 44 43 56 0A 04 00 A4 12  PTC..7{PDCV.....
    0290: 2C 02 11 14 0A 11 82 0C 00 7F 00 00 00 00 00 00  ,...............
    02A0: 00 00 00 00 00 79 00 11 14 0A 11 82 0C 00 7F 00  .....y..........
    02B0: 00 00 00 00 00 00 00 00 00 00 79 00 A4 50 54 43  ..........y..PTC
    02C0: 49 14 1A 5F 54 53 53 00 A0 0E 7B 50 44 43 56 0A  I.._TSS...{PDCV.
    02D0: 04 00 A4 54 53 53 4D A4 54 53 53 49 08 5F 54 53  ...TSSM.TSSI._TS
    02E0: 44 12 0F 01 12 0C 05 0A 05 0A 00 0A 00 0A FE 0A  D...............
    02F0: 04 10 4E 0E 5C 2E 5F 53 42 5F 50 30 30 33 08 5F  ..N.\._SB_P003._
    0300: 50 43 54 12 2C 02 11 14 0A 11 82 0C 00 7F 40 00  PCT.,.........@.
    0310: 00 99 01 00 00 00 00 00 00 79 00 11 14 0A 11 82  .........y......
    0320: 0C 00 7F 10 00 00 98 01 00 00 00 00 00 00 79 00  ..............y.
    0330: 14 0B 5F 50 53 53 00 A4 41 50 53 53 14 0C 5F 50  .._PSS..APSS.._P
    0340: 50 43 00 A4 5C 50 53 54 45 08 5F 50 53 44 12 0F  PC..\PSTE._PSD..
    0350: 01 12 0C 05 0A 05 0A 00 0A 00 0A FE 0A 04 14 0C  ................
    0360: 5F 54 50 43 00 A4 5C 54 53 54 45 14 44 04 5F 50  _TPC..\TSTE.D._P
    0370: 54 43 00 A0 37 7B 50 44 43 56 0A 04 00 A4 12 2C  TC..7{PDCV.....,
    0380: 02 11 14 0A 11 82 0C 00 7F 00 00 00 00 00 00 00  ................
    0390: 00 00 00 00 79 00 11 14 0A 11 82 0C 00 7F 00 00  ....y...........
    03A0: 00 00 00 00 00 00 00 00 00 79 00 A4 50 54 43 49  .........y..PTCI
    03B0: 14 1A 5F 54 53 53 00 A0 0E 7B 50 44 43 56 0A 04  .._TSS...{PDCV..
    03C0: 00 A4 54 53 53 4D A4 54 53 53 49 08 5F 54 53 44  ..TSSM.TSSI._TSD
    03D0: 12 0F 01 12 0C 05 0A 05 0A 00 0A 00 0A FE 0A 04  ................

SSDT @ 0x0000000000000000
    0000: 53 53 44 54 20 01 00 00 01 AA 41 4D 49 00 00 00  SSDT .....AMI...
    0010: 43 53 54 00 00 00 00 00 01 00 00 00 4D 53 46 54  CST.........MSFT
    0020: 01 00 00 03 10 4E 03 5C 2E 5F 53 42 5F 50 30 30  .....N.\._SB_P00
    0030: 30 14 0B 5F 43 53 54 00 A4 43 53 54 5F 08 5F 43  0.._CST..CST_._C
    0040: 53 44 12 20 02 12 0E 06 0A 06 0A 00 0A 00 0A FE  SD. ............
    0050: 0A 01 0A 01 12 0E 06 0A 06 0A 00 0A 00 0A FE 0A  ................
    0060: 01 0A 02 10 4E 03 5C 2E 5F 53 42 5F 50 30 30 31  ....N.\._SB_P001
    0070: 14 0B 5F 43 53 54 00 A4 43 53 54 5F 08 5F 43 53  .._CST..CST_._CS
    0080: 44 12 20 02 12 0E 06 0A 06 0A 00 0A 01 0A FE 0A  D. .............
    0090: 01 0A 01 12 0E 06 0A 06 0A 00 0A 01 0A FE 0A 01  ................
    00A0: 0A 02 10 4E 03 5C 2E 5F 53 42 5F 50 30 30 32 14  ...N.\._SB_P002.
    00B0: 0B 5F 43 53 54 00 A4 43 53 54 5F 08 5F 43 53 44  ._CST..CST_._CSD
    00C0: 12 20 02 12 0E 06 0A 06 0A 00 0A 02 0A FE 0A 01  . ..............
    00D0: 0A 01 12 0E 06 0A 06 0A 00 0A 02 0A FE 0A 01 0A  ................
    00E0: 02 10 4E 03 5C 2E 5F 53 42 5F 50 30 30 33 14 0B  ..N.\._SB_P003..
    00F0: 5F 43 53 54 00 A4 43 53 54 5F 08 5F 43 53 44 12  _CST..CST_._CSD.
    0100: 20 02 12 0E 06 0A 06 0A 00 0A 03 0A FE 0A 01 0A   ...............
    0110: 01 12 0E 06 0A 06 0A 00 0A 03 0A FE 0A 01 0A 02  ................

